customer_id,age,income,orders_last_month,avg_order_value,city,segment,is_active,signup_days_ago,total_spent
1,56,85587.0,3,1130.13,Bangalore,Budget,0,1054,4740.26
2,69,59515.0,4,1210.12,Mumbai,Budget,0,921,4240.9
3,46,72422.0,2,967.36,Delhi,Budget,1,852,4912.05
4,32,75148.0,4,595.32,Hyderabad,Premium,1,935,3250.58
5,60,52547.0,2,461.38,Hyderabad,Standard,1,901,5966.73
6,25,65818.0,1,1054.21,Hyderabad,Standard,1,399,8305.01
7,38,69881.0,3,1233.86,Ahmedabad,Budget,1,168,6125.24
8,56,46363.0,5,1024.55,Bangalore,Standard,1,377,2793.53
9,36,84631.0,4,476.27,Delhi,Budget,1,607,5910.2
10,40,59418.0,2,1280.56,Bangalore,Premium,0,1011,5389.08
11,28,61306.0,5,1851.72,Ahmedabad,Budget,0,589,5892.59
12,28,45790.0,4,1154.14,Delhi,Budget,1,48,3360.86
13,41,48309.0,6,968.19,Delhi,Budget,1,1025,5006.71
14,53,27052.0,1,1175.8,Mumbai,Premium,1,173,6766.2
15,57,60827.0,1,758.25,Bangalore,Standard,1,506,2860.0
16,41,97585.0,8,732.44,Bangalore,Standard,1,398,4101.75
17,20,44721.0,1,1380.57,Mumbai,Standard,0,294,4424.29
18,39,104643.0,5,1596.13,Hyderabad,Premium,0,552,6996.73
19,19,81214.0,3,1141.16,Ahmedabad,Premium,1,850,7295.0
20,41,52896.0,4,410.49,Bangalore,Standard,1,1040,1169.74
21,61,60409.0,3,1341.34,Mumbai,Budget,0,885,6995.02
22,47,57973.0,1,2026.95,Delhi,Budget,1,1004,7357.91
23,55,85592.0,1,1102.44,Mumbai,Premium,1,134,7229.37
24,19,67755.0,3,1128.86,Hyderabad,Standard,1,771,3940.75
25,38,77730.0,1,850.95,Ahmedabad,Budget,0,508,4540.4
26,50,65373.0,4,1392.54,Hyderabad,Standard,1,1090,1865.16
27,29,58320.0,0,931.61,Delhi,Premium,0,480,810.09
28,39,64896.0,3,1608.6,Delhi,Budget,1,863,4276.97
29,61,53896.0,5,936.97,Delhi,Standard,1,459,5152.94
30,42,38217.0,2,1336.72,Delhi,Premium,1,626,5353.54
31,66,72205.0,3,1181.46,Mumbai,Standard,1,159,6642.28
32,44,37483.0,3,1822.04,Delhi,Budget,0,161,11122.27
33,59,55967.0,1,1363.79,Delhi,Premium,0,940,4208.02
34,45,53402.0,3,1754.8,Mumbai,Premium,1,155,2888.86
35,33,69650.0,4,1243.45,Delhi,Premium,0,486,6092.27
36,32,83471.0,2,1131.7,Hyderabad,Standard,0,432,5444.48
37,64,78075.0,0,1184.72,Hyderabad,Budget,1,1051,3850.96
38,68,70086.0,5,891.44,Bangalore,Premium,1,1004,6821.7
39,61,50552.0,4,1412.67,Hyderabad,Budget,1,1036,3376.13
40,69,57248.0,3,923.86,Ahmedabad,Premium,0,67,4742.87
41,20,55061.0,3,1244.99,Ahmedabad,Premium,1,542,4858.16
42,54,52946.0,3,1542.08,Ahmedabad,Standard,1,96,3104.57
43,68,53963.0,4,1833.42,Mumbai,Premium,1,215,1580.59
44,24,53563.0,3,1265.14,Hyderabad,Standard,0,194,5437.9
45,38,52899.0,4,1544.48,Ahmedabad,Budget,1,885,7737.43
46,26,74278.0,2,1496.76,Bangalore,Standard,1,39,6921.8
47,56,44180.0,2,1047.05,Mumbai,Budget,1,939,7055.6
48,35,49058.0,2,2043.12,Bangalore,Standard,1,939,3402.1
49,21,36249.0,3,969.5,Hyderabad,Budget,0,206,5428.14
50,42,81232.0,4,1236.4,Delhi,Standard,0,942,2151.68
51,31,48052.0,5,1781.65,Bangalore,Premium,1,555,5337.83
52,67,69912.0,6,1771.78,Delhi,Premium,1,484,7777.57
53,26,67130.0,2,1205.73,Mumbai,Budget,1,771,7839.67
54,43,79783.0,2,1596.17,Bangalore,Standard,1,249,9060.9
55,19,56850.0,2,1110.41,Bangalore,Standard,1,373,6978.36
56,37,45787.0,5,1004.53,Mumbai,Premium,1,879,5951.5
57,45,36664.0,6,714.88,Mumbai,Standard,0,835,6749.45
58,64,18230.0,5,1489.55,Ahmedabad,Standard,1,871,6361.15
59,24,62420.0,0,1531.69,Hyderabad,Premium,0,702,3385.49
60,61,71632.0,0,972.84,Bangalore,Budget,0,138,1969.34
61,25,67075.0,2,1307.24,Bangalore,Premium,1,948,6765.52
62,64,37054.0,0,2260.4,Mumbai,Premium,1,457,9186.7
63,52,75582.0,5,1658.67,Mumbai,Premium,1,814,6847.94
64,31,49527.0,4,839.41,Hyderabad,Budget,1,823,1222.55
65,34,46396.0,4,1600.62,Mumbai,Standard,1,942,3961.4
66,53,49191.0,0,841.26,Delhi,Premium,0,444,4606.61
67,67,61176.0,3,41.91,Delhi,Budget,1,353,1287.91
68,57,37729.0,3,1191.84,Delhi,Standard,1,996,2246.21
69,21,59444.0,4,1825.28,Delhi,Budget,1,794,4925.85
70,19,66442.0,1,1758.98,Hyderabad,Budget,0,411,5523.27
71,23,76610.0,1,1350.89,Bangalore,Standard,0,678,3027.97
72,59,62639.0,4,983.31,Delhi,Standard,1,453,2154.12
73,21,39906.0,3,1394.58,Mumbai,Budget,1,419,7386.61
74,46,62233.0,6,1092.34,Delhi,Standard,1,450,4234.94
75,35,44096.0,2,994.54,Hyderabad,Standard,1,995,4521.18
76,43,43231.0,2,1624.8,Mumbai,Standard,1,51,3906.66
77,61,39559.0,3,989.59,Delhi,Standard,1,210,3457.65
78,51,31331.0,5,1650.89,Bangalore,Standard,1,888,7605.57
79,27,51493.0,5,963.13,Mumbai,Standard,1,998,3240.41
80,53,76933.0,3,2023.4,Mumbai,Budget,0,993,5359.37
81,31,93847.0,4,543.75,Bangalore,Standard,1,850,5017.41
82,48,51396.0,6,817.29,Mumbai,Standard,1,627,1103.65
83,65,76292.0,1,1137.85,Delhi,Standard,1,679,5481.89
84,32,54081.0,4,406.38,Mumbai,Budget,0,777,1912.06
85,25,35239.0,2,171.61,Delhi,Standard,1,663,6270.92
86,31,70514.0,1,409.84,Bangalore,Budget,1,268,2627.17
87,40,63522.0,6,1083.16,Ahmedabad,Premium,1,116,6044.04
88,57,87270.0,4,1093.32,Bangalore,Budget,0,754,4140.99
89,38,36980.0,2,1333.2,Delhi,Premium,1,1064,3651.35
90,33,101940.0,3,1121.2,Hyderabad,Standard,1,182,5421.13
91,62,83876.0,7,1319.81,Bangalore,Standard,1,903,2056.28
92,35,59731.0,2,1019.91,Hyderabad,Budget,0,946,4861.56
93,64,55520.0,2,1485.93,Hyderabad,Budget,1,258,6564.5
94,41,49263.0,3,1437.72,Delhi,Budget,0,509,7085.21
95,43,61646.0,0,1069.32,Delhi,Budget,0,92,4074.74
96,42,57241.0,4,1413.2,Ahmedabad,Standard,1,149,4366.7
97,62,67707.0,6,1123.74,Mumbai,Budget,1,117,2016.2
98,58,55585.0,4,591.07,Bangalore,Standard,1,458,3498.57
99,46,81224.0,1,1561.8,Delhi,Budget,1,565,1879.78
100,32,61876.0,3,837.27,Bangalore,Premium,1,814,5880.15
101,62,56148.0,1,1557.53,Hyderabad,Standard,1,45,6684.33
102,18,75364.0,2,1329.61,Mumbai,Budget,0,774,4091.55
103,42,35662.0,2,1166.19,Ahmedabad,Standard,1,234,2883.54
104,24,65115.0,2,449.2,Bangalore,Budget,1,197,5616.38
105,26,60384.0,4,1815.9,Mumbai,Budget,1,25,3264.07
106,41,38837.0,7,1054.75,Ahmedabad,Standard,1,395,6343.88
107,18,34372.0,1,1453.83,Bangalore,Standard,1,714,8870.86
108,61,75155.0,5,1154.41,Mumbai,Premium,1,1060,3231.13
109,25,74442.0,4,1091.43,Delhi,Standard,0,223,3516.65
110,41,62588.0,4,1277.12,Bangalore,Premium,0,864,2080.86
111,28,85750.0,5,1210.63,Mumbai,Premium,1,530,5292.22
112,68,66615.0,4,1093.2,Ahmedabad,Premium,1,257,5156.25
113,34,78747.0,5,1177.87,Mumbai,Standard,0,654,4458.88
114,25,66305.0,5,1370.83,Delhi,Budget,0,591,5032.29
115,52,55863.0,3,1399.13,Bangalore,Budget,1,444,2912.65
116,52,44137.0,6,1217.34,Bangalore,Standard,1,418,1673.6
117,50,50948.0,6,1448.37,Bangalore,Standard,0,574,3481.86
118,22,56143.0,4,1030.37,Delhi,Budget,0,129,1168.95
119,59,80447.0,5,2089.95,Ahmedabad,Standard,1,1011,3230.94
120,56,71549.0,3,1794.24,Bangalore,Budget,1,341,5619.45
121,58,64955.0,0,1504.98,Ahmedabad,Standard,0,810,5119.33
122,45,73050.0,0,423.37,Mumbai,Budget,0,992,1452.43
123,24,67911.0,7,1442.41,Ahmedabad,Standard,1,100,7098.69
124,26,63929.0,3,1065.35,Ahmedabad,Standard,1,39,4610.86
125,25,37520.0,8,808.53,Bangalore,Budget,1,263,2401.35
126,29,77087.0,2,1055.16,Hyderabad,Standard,1,150,4271.29
127,51,53122.0,4,852.87,Hyderabad,Standard,0,690,3833.98
128,50,76328.0,3,1402.72,Delhi,Budget,1,813,3264.52
129,65,77778.0,5,1846.4,Delhi,Budget,1,219,6625.19
130,40,49949.0,2,1530.41,Hyderabad,Budget,0,906,2787.35
131,41,74246.0,0,2305.01,Mumbai,Standard,1,244,5369.29
132,54,54585.0,1,578.56,Bangalore,Standard,1,886,2317.36
133,52,54675.0,4,997.59,Bangalore,Budget,0,587,4926.21
134,61,63862.0,5,822.79,Mumbai,Standard,0,518,5530.85
135,57,64267.0,4,1691.75,Mumbai,Budget,0,1045,5534.68
136,39,60578.0,3,1111.78,Hyderabad,Premium,0,190,5161.61
137,44,39986.0,4,1275.81,Delhi,Budget,1,915,4521.97
138,52,58178.0,7,1453.47,Mumbai,Premium,1,615,2871.81
139,18,94177.0,2,618.08,Delhi,Standard,1,856,2894.9
140,52,18240.0,1,951.46,Ahmedabad,Standard,0,466,5597.66
141,54,73046.0,4,1598.91,Bangalore,Standard,1,99,2477.18
142,64,75857.0,2,980.76,Hyderabad,Standard,1,830,2018.59
143,31,39625.0,5,514.54,Bangalore,Budget,1,997,7859.54
144,20,52958.0,0,839.09,Hyderabad,Standard,0,56,4480.57
145,18,44989.0,4,1085.49,Ahmedabad,Standard,0,1046,6270.03
146,22,87809.0,1,1266.7,Bangalore,Standard,1,580,6746.98
147,43,76545.0,3,1171.67,Ahmedabad,Standard,1,185,5102.25
148,31,77271.0,0,954.31,Hyderabad,Premium,1,522,4246.45
149,56,61810.0,2,1575.73,Mumbai,Standard,1,264,4280.43
150,44,79681.0,2,1148.38,Bangalore,Budget,1,1062,8216.06
151,26,59876.0,6,1283.76,Ahmedabad,Standard,1,1003,3882.38
152,32,80387.0,1,975.62,Bangalore,Standard,1,123,5352.86
153,32,57770.0,3,1803.58,Bangalore,Premium,1,301,6354.64
154,43,49811.0,3,1043.35,Bangalore,Premium,1,833,5501.42
155,59,87164.0,2,1229.88,Delhi,Standard,0,1091,7168.77
156,30,59687.0,2,1614.0,Ahmedabad,Budget,1,645,4226.77
157,68,46518.0,5,1312.02,Ahmedabad,Standard,0,874,6346.7
158,49,46355.0,5,1302.04,Bangalore,Standard,0,394,1410.78
159,56,46401.0,1,410.54,Mumbai,Premium,1,661,7693.83
160,66,72667.0,2,1472.25,Bangalore,Budget,1,69,7246.3
161,69,58517.0,2,1222.23,Delhi,Budget,0,762,4391.15
162,49,94469.0,0,1416.63,Hyderabad,Budget,1,320,5877.68
163,21,77793.0,1,1273.29,Delhi,Standard,1,177,6782.13
164,47,63857.0,2,976.34,Mumbai,Premium,1,584,2924.49
165,54,81058.0,3,1557.72,Bangalore,Budget,1,582,4710.95
166,40,52567.0,3,1279.25,Ahmedabad,Standard,1,111,2388.5
167,56,32178.0,2,684.25,Bangalore,Standard,1,999,7276.83
168,62,45156.0,3,1723.41,Mumbai,Standard,1,758,6645.52
169,32,62208.0,2,627.81,Ahmedabad,Budget,1,283,4438.1
170,60,56662.0,4,1560.37,Delhi,Premium,0,194,4206.17
171,46,72366.0,2,1794.77,Hyderabad,Budget,1,967,4702.09
172,53,58131.0,7,757.48,Hyderabad,Standard,0,1071,3205.49
173,30,71221.0,3,1150.9,Bangalore,Budget,1,978,4651.92
174,49,82515.0,5,1113.62,Delhi,Standard,0,342,2924.54
175,24,58085.0,1,1131.61,Mumbai,Premium,1,522,6796.66
176,68,68327.0,0,1932.1,Hyderabad,Budget,1,801,7273.87
177,39,33678.0,2,762.11,Delhi,Budget,0,903,6890.39
178,45,58142.0,5,1077.37,Bangalore,Standard,1,131,2611.6
179,19,41521.0,1,1801.33,Ahmedabad,Standard,0,814,4583.1
180,59,62178.0,1,1070.82,Bangalore,Standard,1,61,6169.46
181,62,63540.0,4,825.69,Bangalore,Budget,1,164,6537.52
182,23,63490.0,3,1305.21,Delhi,Budget,1,272,1322.27
183,45,52798.0,4,1522.26,Hyderabad,Standard,1,133,6480.98
184,45,94477.0,2,1042.86,Delhi,Budget,0,998,2513.46
185,61,40980.0,4,1421.75,Ahmedabad,Premium,1,38,4692.07
186,61,40063.0,2,649.35,Delhi,Budget,1,617,7514.98
187,37,84825.0,6,671.59,Mumbai,Standard,1,474,7244.14
188,47,49436.0,3,1023.97,Bangalore,Budget,1,59,7652.26
189,28,45830.0,3,1436.01,Hyderabad,Budget,1,589,2867.46
190,45,94544.0,5,1504.6,Ahmedabad,Standard,1,499,3361.42
191,42,74786.0,4,727.19,Bangalore,Standard,0,567,3874.4
192,56,51083.0,1,1489.77,Delhi,Budget,1,567,4707.12
193,50,63263.0,4,1266.6,Mumbai,Budget,0,904,5433.4
194,18,89188.0,3,848.32,Delhi,Budget,1,383,7554.51
195,44,70374.0,5,666.32,Bangalore,Standard,0,85,3142.78
196,69,79292.0,4,1291.93,Ahmedabad,Standard,1,627,3742.29
197,30,72072.0,4,1715.83,Hyderabad,Budget,0,826,7847.28
198,58,73954.0,6,1214.21,Bangalore,Standard,1,293,2681.9
199,20,60596.0,4,826.03,Ahmedabad,Standard,1,1073,6453.7
200,56,60170.0,1,452.79,Bangalore,Premium,1,1091,4822.7
201,23,64006.0,1,1811.8,Mumbai,Premium,1,787,5776.15
202,25,71017.0,1,1616.74,Delhi,Budget,1,129,3377.26
203,44,55750.0,2,1320.83,Hyderabad,Budget,1,29,6414.35
204,26,61831.0,3,1791.2,Ahmedabad,Budget,1,692,3691.58
205,54,55345.0,3,1289.57,Hyderabad,Standard,1,133,2160.8
206,50,61735.0,3,987.59,Hyderabad,Premium,1,646,5960.08
207,68,41235.0,3,1422.05,Hyderabad,Standard,1,689,-6.18
208,59,99090.0,4,868.11,Ahmedabad,Budget,0,534,3864.0
209,61,49006.0,3,801.74,Ahmedabad,Standard,1,516,5582.28
210,41,54578.0,6,1508.64,Hyderabad,Budget,0,960,6515.56
211,32,47711.0,2,1542.3,Delhi,Budget,1,165,7453.04
212,49,69236.0,3,690.5,Bangalore,Standard,1,927,8555.09
213,49,57060.0,3,705.28,Hyderabad,Budget,1,933,7943.5
214,41,45543.0,2,1021.98,Mumbai,Budget,0,557,5383.1
215,58,69853.0,0,915.48,Hyderabad,Standard,0,680,7251.24
216,69,71875.0,2,1390.6,Ahmedabad,Budget,1,993,5352.23
217,66,58997.0,8,1219.22,Bangalore,Budget,1,1029,6371.81
218,66,50046.0,4,1665.96,Mumbai,Budget,1,757,3801.31
219,69,92866.0,3,1326.9,Bangalore,Premium,1,855,5924.15
220,29,65101.0,4,942.17,Bangalore,Standard,1,493,4053.51
221,56,40889.0,3,443.55,Mumbai,Budget,0,649,4652.91
222,19,81211.0,5,1271.78,Hyderabad,Standard,1,992,5930.46
223,20,47163.0,2,515.87,Hyderabad,Budget,0,628,9182.76
224,66,101128.0,3,937.22,Hyderabad,Standard,1,625,5789.54
225,54,61195.0,5,911.31,Delhi,Standard,0,543,4976.58
226,66,75200.0,3,996.63,Hyderabad,Premium,1,7,3336.45
227,34,28800.0,3,673.59,Mumbai,Standard,0,954,6792.4
228,66,40738.0,2,909.89,Delhi,Premium,1,515,4329.08
229,19,80008.0,2,1658.36,Hyderabad,Premium,0,755,5748.31
230,19,64767.0,2,1657.26,Delhi,Premium,1,73,6403.88
231,45,90636.0,7,1813.0,Mumbai,Standard,1,10,7528.22
232,40,67278.0,3,1204.06,Hyderabad,Budget,0,562,6684.74
233,54,62179.0,1,1308.49,Ahmedabad,Budget,1,122,2553.08
234,49,85704.0,7,1664.24,Mumbai,Budget,1,687,1565.6
235,50,75152.0,8,611.74,Bangalore,Budget,0,513,6402.94
236,18,57056.0,6,1522.25,Bangalore,Standard,0,990,5172.01
237,36,43588.0,3,1720.94,Mumbai,Standard,1,441,5782.94
238,19,24426.0,4,844.42,Bangalore,Premium,0,1062,8439.52
239,61,53435.0,1,1753.06,Mumbai,Budget,0,702,3766.82
240,43,42205.0,2,2023.09,Ahmedabad,Budget,0,591,7582.82
241,49,98966.0,2,1511.14,Mumbai,Standard,1,67,3786.67
242,23,50244.0,4,1437.8,Hyderabad,Budget,1,17,8130.54
243,49,49834.0,5,752.09,Hyderabad,Budget,0,368,6501.04
244,21,37181.0,0,1627.68,Delhi,Premium,1,904,1985.74
245,28,56005.0,1,789.76,Bangalore,Standard,1,721,4165.44
246,34,50032.0,4,1347.9,Bangalore,Standard,0,958,8831.34
247,55,86066.0,0,1388.44,Mumbai,Premium,0,908,8580.38
248,41,62527.0,5,-118.5,Bangalore,Standard,1,989,6208.44
249,22,59867.0,2,1362.32,Hyderabad,Standard,1,473,5708.47
250,69,57980.0,0,2248.59,Ahmedabad,Premium,1,115,5479.47
251,51,71793.0,4,363.26,Mumbai,Budget,1,100,5874.06
252,23,53215.0,2,1178.44,Bangalore,Standard,1,438,4718.4
253,39,70008.0,3,421.15,Hyderabad,Budget,0,349,7422.04
254,28,84210.0,2,842.34,Delhi,Budget,1,139,6155.7
255,65,66901.0,4,428.09,Bangalore,Premium,1,828,3069.29
256,33,56254.0,4,1263.82,Ahmedabad,Standard,1,324,6309.98
257,50,45698.0,2,1517.44,Ahmedabad,Standard,1,846,5329.97
258,26,55873.0,7,1363.9,Bangalore,Premium,0,294,4375.08
259,23,68446.0,4,827.93,Bangalore,Premium,1,968,8797.05
260,33,37012.0,4,956.24,Hyderabad,Premium,1,74,5207.54
261,46,72473.0,5,1308.91,Bangalore,Standard,1,484,1086.32
262,20,63114.0,7,840.43,Delhi,Budget,0,16,4517.32
263,37,57762.0,2,668.48,Hyderabad,Budget,1,793,6986.98
264,53,50109.0,7,1104.35,Mumbai,Standard,0,516,3147.05
265,36,52854.0,4,822.12,Delhi,Budget,0,925,6919.01
266,43,68960.0,9,1364.62,Hyderabad,Standard,0,824,3004.62
267,20,58077.0,3,1719.48,Hyderabad,Standard,1,518,7673.35
268,36,52483.0,4,2239.03,Ahmedabad,Premium,0,129,3854.87
269,37,67028.0,1,1335.23,Hyderabad,Standard,1,511,4296.42
270,49,67623.0,0,1458.39,Delhi,Standard,0,423,4148.15
271,24,41262.0,0,960.27,Bangalore,Budget,0,385,6194.91
272,69,68572.0,3,985.05,Delhi,Budget,1,232,8688.24
273,58,97525.0,1,1713.62,Mumbai,Budget,0,959,5029.67
274,50,67044.0,4,1089.47,Hyderabad,Standard,1,825,4978.19
275,57,34515.0,3,1229.18,Hyderabad,Budget,1,65,3853.46
276,56,62661.0,4,1689.19,Hyderabad,Standard,1,833,1745.31
277,35,32538.0,4,1092.55,Hyderabad,Standard,1,615,4052.95
278,57,107511.0,7,1800.17,Ahmedabad,Budget,1,801,2481.99
279,18,93535.0,3,1429.21,Ahmedabad,Budget,1,278,1225.37
280,28,50011.0,2,1382.16,Bangalore,Standard,0,366,4846.01
281,45,26315.0,4,940.72,Hyderabad,Standard,1,516,3914.81
282,42,46824.0,0,1403.65,Mumbai,Standard,1,439,7753.14
283,67,57285.0,3,1028.38,Bangalore,Standard,0,428,3288.8
284,40,33572.0,1,1387.76,Hyderabad,Standard,0,729,6340.73
285,48,58965.0,2,1159.27,Ahmedabad,Premium,0,396,6301.65
286,47,57186.0,8,1586.72,Mumbai,Standard,1,586,7674.27
287,59,61877.0,2,1187.29,Bangalore,Premium,1,375,4631.55
288,52,63445.0,1,2015.14,Mumbai,Budget,1,948,7638.08
289,24,45516.0,3,1089.78,Hyderabad,Standard,1,93,6121.89
290,33,47199.0,6,986.17,Delhi,Budget,1,321,7278.57
291,43,60684.0,2,1338.45,Mumbai,Budget,1,1034,9788.31
292,65,50535.0,5,1631.15,Mumbai,Budget,0,914,4753.55
293,69,73612.0,1,1628.04,Ahmedabad,Standard,1,917,5341.62
294,66,60538.0,4,1266.71,Hyderabad,Budget,1,95,4276.37
295,19,87975.0,3,1335.64,Mumbai,Budget,1,959,8084.62
296,18,72307.0,1,1336.22,Hyderabad,Premium,1,71,10209.31
297,65,76556.0,2,768.85,Ahmedabad,Premium,1,664,6468.33
298,29,61988.0,3,1609.63,Hyderabad,Standard,0,969,1779.84
299,22,62360.0,0,696.86,Ahmedabad,Standard,1,587,3233.78
300,54,85970.0,1,769.6,Ahmedabad,Premium,1,727,7319.18
301,49,54326.0,2,1222.01,Bangalore,Standard,1,368,2711.29
302,26,68202.0,3,1072.06,Hyderabad,Budget,0,51,3798.93
303,58,56006.0,4,1518.46,Delhi,Premium,0,988,3728.78
304,52,55970.0,2,1378.94,Bangalore,Standard,1,260,4845.7
305,36,42467.0,4,1255.28,Ahmedabad,Standard,0,158,5513.42
306,65,48862.0,3,749.79,Delhi,Standard,0,99,1221.14
307,33,46076.0,4,1210.62,Mumbai,Standard,1,241,1945.12
308,20,68916.0,3,1179.0,Mumbai,Premium,1,202,1992.85
309,37,75603.0,4,1288.87,Bangalore,Budget,1,634,2231.94
310,41,58579.0,0,1027.98,Delhi,Premium,1,746,5032.01
311,50,63444.0,4,1409.13,Hyderabad,Premium,1,490,5389.16
312,41,57713.0,5,1061.38,Delhi,Standard,0,579,7026.37
313,69,47838.0,2,1371.65,Bangalore,Standard,1,527,6109.86
314,28,72934.0,7,1518.42,Hyderabad,Budget,1,273,3835.49
315,66,69788.0,6,986.16,Hyderabad,Budget,1,786,5459.86
316,25,31612.0,2,891.14,Mumbai,Budget,1,453,7108.46
317,53,55753.0,6,1390.55,Delhi,Standard,1,347,4545.23
318,55,46770.0,5,671.56,Hyderabad,Standard,1,816,4379.16
319,57,54136.0,4,1644.67,Bangalore,Budget,0,414,3110.09
320,37,49944.0,3,1204.39,Mumbai,Budget,1,431,3390.35
321,52,59304.0,3,1154.1,Hyderabad,Premium,1,379,6371.15
322,65,55051.0,2,1418.41,Delhi,Budget,1,998,4992.35
323,42,54733.0,2,1393.58,Mumbai,Premium,1,895,8916.78
324,52,76611.0,7,1202.61,Delhi,Budget,0,428,3646.59
325,42,68358.0,7,1551.45,Delhi,Standard,1,192,6522.75
326,46,49442.0,4,931.04,Delhi,Budget,1,41,5772.82
327,35,51667.0,3,1484.94,Mumbai,Standard,1,136,4821.25
328,63,67377.0,3,768.55,Hyderabad,Standard,0,106,4129.0
329,35,67356.0,6,1404.26,Ahmedabad,Budget,1,519,6200.2
330,19,50943.0,5,1068.85,Hyderabad,Standard,1,814,6085.35
331,52,56490.0,2,675.57,Mumbai,Standard,1,126,5403.98
332,33,87702.0,3,1302.66,Ahmedabad,Standard,1,400,5851.27
333,58,51202.0,6,1186.23,Ahmedabad,Standard,1,79,5072.97
334,53,88662.0,1,582.91,Ahmedabad,Budget,1,389,1717.64
335,50,76555.0,2,354.53,Bangalore,Standard,1,74,5168.75
336,21,85881.0,1,1139.09,Mumbai,Premium,1,1029,4462.9
337,50,50564.0,3,1847.29,Bangalore,Premium,1,82,8892.49
338,31,57472.0,4,1328.41,Ahmedabad,Premium,1,776,6266.77
339,38,53263.0,5,932.68,Bangalore,Budget,1,991,5403.02
340,65,76901.0,3,1632.75,Bangalore,Standard,1,278,5925.66
341,37,51485.0,2,1562.89,Mumbai,Standard,0,840,2953.76
342,25,70968.0,5,1708.63,Delhi,Budget,1,224,3780.46
343,24,70174.0,1,1473.56,Bangalore,Premium,1,1092,4330.42
344,20,59280.0,3,1554.36,Bangalore,Standard,1,606,5776.85
345,34,79480.0,2,1492.44,Ahmedabad,Budget,0,19,4130.5
346,50,61615.0,2,1009.0,Ahmedabad,Budget,0,640,3997.12
347,65,72511.0,1,545.09,Ahmedabad,Premium,0,97,2864.27
348,29,52579.0,1,991.55,Hyderabad,Budget,0,1076,5050.24
349,68,49148.0,6,1641.97,Bangalore,Budget,1,175,5331.13
350,39,70967.0,3,1047.6,Ahmedabad,Standard,0,348,5857.05
351,39,66463.0,1,1141.82,Mumbai,Budget,0,1,3607.97
352,63,63650.0,6,733.69,Hyderabad,Premium,0,63,5741.55
353,47,54845.0,3,979.56,Delhi,Standard,1,226,2919.45
354,55,83238.0,4,1196.36,Bangalore,Standard,1,423,4561.87
355,55,43251.0,0,1397.02,Bangalore,Premium,0,1043,5603.14
356,62,42430.0,1,1016.54,Mumbai,Standard,1,31,4482.58
357,68,74132.0,3,988.59,Delhi,Budget,1,845,1876.31
358,25,72901.0,4,1536.87,Delhi,Standard,0,633,2114.73
359,44,65306.0,2,1330.11,Hyderabad,Standard,1,24,5441.79
360,44,55681.0,1,1379.47,Bangalore,Budget,0,837,6159.3
361,51,67536.0,2,1811.33,Ahmedabad,Standard,1,983,5678.63
362,38,85812.0,7,997.97,Mumbai,Premium,0,161,6207.48
363,47,97733.0,3,1180.39,Mumbai,Standard,1,114,4438.92
364,50,35154.0,1,1420.46,Mumbai,Premium,0,504,6476.88
365,45,53716.0,2,851.4,Mumbai,Standard,1,955,5672.12
366,64,52773.0,1,1291.62,Ahmedabad,Standard,1,357,3721.09
367,50,84398.0,4,1208.88,Ahmedabad,Premium,0,169,6028.91
368,22,22781.0,3,2310.92,Hyderabad,Budget,1,969,5592.1
369,65,67708.0,3,1239.95,Bangalore,Budget,1,242,8344.99
370,36,56148.0,3,1662.78,Ahmedabad,Standard,1,139,7758.64
371,21,84572.0,3,1531.98,Hyderabad,Standard,0,97,4815.39
372,52,82516.0,4,737.38,Delhi,Budget,0,147,4164.64
373,66,65483.0,0,580.47,Bangalore,Budget,1,1081,8118.22
374,34,36304.0,2,1298.81,Ahmedabad,Budget,1,1066,6103.08
375,61,51392.0,3,1702.93,Delhi,Standard,1,866,4651.7
376,45,53034.0,5,1315.17,Hyderabad,Premium,0,543,1021.88
377,47,40103.0,3,1231.54,Ahmedabad,Premium,1,692,3489.0
378,46,77319.0,5,1086.37,Ahmedabad,Standard,1,1026,3349.94
379,63,38199.0,5,670.42,Delhi,Premium,1,904,4707.24
380,23,89480.0,3,815.79,Ahmedabad,Standard,1,730,6237.04
381,52,89442.0,2,551.07,Mumbai,Budget,0,331,6542.51
382,58,54224.0,2,758.78,Ahmedabad,Budget,0,617,8000.07
383,54,64927.0,2,989.6,Bangalore,Standard,0,404,6862.79
384,41,58916.0,3,1510.41,Delhi,Budget,1,508,2399.06
385,46,73527.0,1,1021.97,Bangalore,Standard,0,1039,7060.02
386,66,79120.0,3,1302.25,Hyderabad,Standard,1,226,8466.65
387,63,63870.0,1,1254.09,Bangalore,Standard,1,984,8367.62
388,48,67037.0,0,1399.62,Mumbai,Premium,1,865,2574.27
389,52,50691.0,5,786.07,Mumbai,Standard,1,745,4617.81
390,50,66551.0,2,1623.68,Bangalore,Budget,0,493,6921.95
391,69,62441.0,3,637.13,Hyderabad,Standard,1,319,2683.31
392,38,46323.0,3,1020.87,Ahmedabad,Standard,1,773,1550.17
393,49,59789.0,6,1191.64,Mumbai,Budget,1,452,5627.91
394,40,54252.0,4,1504.06,Bangalore,Budget,1,944,3648.82
395,50,50858.0,5,1751.72,Bangalore,Standard,1,848,1737.1
396,20,42803.0,3,1507.21,Bangalore,Premium,1,1017,7459.04
397,35,60938.0,2,1766.37,Ahmedabad,Standard,0,884,5328.63
398,42,48293.0,3,868.33,Delhi,Premium,1,419,3958.62
399,59,52933.0,5,1676.15,Hyderabad,Premium,0,865,3072.63
400,48,76127.0,1,1607.46,Delhi,Budget,1,789,5349.13
401,20,69482.0,2,241.49,Hyderabad,Standard,1,495,6030.83
402,57,45319.0,4,1111.81,Hyderabad,Standard,1,1063,5651.87
403,63,65278.0,2,1440.81,Bangalore,Budget,1,162,1962.17
404,41,61992.0,3,993.83,Mumbai,Standard,1,121,5953.7
405,67,85525.0,5,765.67,Bangalore,Standard,1,399,6388.9
406,49,80747.0,3,2045.67,Ahmedabad,Budget,1,728,4313.19
407,64,36994.0,1,1244.42,Hyderabad,Premium,1,561,7079.22
408,39,72917.0,3,1255.36,Mumbai,Standard,1,604,3296.17
409,40,78978.0,1,676.4,Hyderabad,Premium,0,540,7581.17
410,19,68390.0,2,955.06,Hyderabad,Budget,1,356,5264.63
411,44,54969.0,2,840.86,Bangalore,Premium,0,660,4007.66
412,59,96201.0,1,1631.59,Mumbai,Budget,0,432,4363.1
413,19,69771.0,1,1401.85,Mumbai,Budget,1,1089,6998.57
414,43,89648.0,2,971.77,Hyderabad,Standard,1,563,5474.48
415,34,80272.0,7,1424.2,Mumbai,Standard,0,817,6290.13
416,57,66962.0,3,1098.59,Mumbai,Standard,0,711,7149.34
417,50,51304.0,3,1293.8,Bangalore,Standard,0,12,3948.05
418,26,59638.0,3,1291.91,Delhi,Budget,1,239,5254.6
419,60,56671.0,4,1368.11,Ahmedabad,Standard,0,453,4551.09
420,65,41782.0,1,1319.86,Delhi,Standard,0,383,7034.12
421,56,69754.0,4,1368.42,Mumbai,Standard,0,782,4235.09
422,46,83510.0,2,1702.32,Hyderabad,Standard,1,48,5095.66
423,59,55525.0,2,1456.23,Ahmedabad,Premium,1,317,9591.45
424,43,92455.0,0,1065.24,Ahmedabad,Standard,0,209,7570.23
425,52,36636.0,1,1160.82,Hyderabad,Standard,1,577,2929.54
426,67,75815.0,2,1692.07,Ahmedabad,Premium,0,315,6803.95
427,42,85073.0,2,1244.97,Hyderabad,Standard,1,754,6377.54
428,41,56940.0,5,1050.39,Ahmedabad,Budget,1,1060,2798.73
429,30,57209.0,4,947.54,Delhi,Budget,0,915,4779.89
430,24,75641.0,2,1309.22,Ahmedabad,Standard,0,755,3104.59
431,53,67590.0,2,858.06,Bangalore,Budget,1,554,214.8
432,62,30039.0,3,1713.92,Hyderabad,Standard,0,403,4708.06
433,37,47349.0,5,784.87,Ahmedabad,Budget,1,39,3987.82
434,18,59797.0,1,1791.23,Hyderabad,Budget,1,581,2798.2
435,25,39455.0,2,1085.91,Bangalore,Standard,0,180,4980.83
436,63,52887.0,3,769.31,Ahmedabad,Premium,1,12,758.78
437,33,39830.0,0,1275.67,Ahmedabad,Standard,1,943,5082.55
438,31,54447.0,2,818.78,Bangalore,Premium,1,548,5030.8
439,29,54951.0,5,1213.75,Bangalore,Premium,0,63,6357.48
440,68,65276.0,2,968.98,Bangalore,Budget,1,844,1793.64
441,40,58624.0,3,1578.03,Hyderabad,Budget,1,1009,9278.85
442,32,67542.0,2,1254.7,Bangalore,Standard,1,34,8511.6
443,45,65753.0,0,724.6,Hyderabad,Premium,1,752,3453.57
444,51,75470.0,7,961.19,Delhi,Standard,0,49,7919.48
445,19,73107.0,5,1481.98,Ahmedabad,Premium,1,658,6714.14
446,49,71522.0,0,1714.84,Ahmedabad,Budget,1,701,4121.15
447,40,106573.0,3,1181.89,Mumbai,Budget,1,1081,3786.29
448,39,65211.0,8,782.24,Delhi,Standard,1,109,3937.55
449,68,98904.0,4,1621.61,Bangalore,Standard,0,985,10652.74
450,42,66183.0,3,1480.23,Bangalore,Budget,1,24,7720.24
451,39,58757.0,2,1722.62,Delhi,Budget,1,221,4594.45
452,39,54403.0,4,1316.08,Bangalore,Budget,1,315,4767.16
453,66,82646.0,5,991.76,Mumbai,Standard,1,294,6694.9
454,69,84608.0,3,1406.76,Hyderabad,Premium,1,1034,6607.29
455,59,68997.0,0,1330.53,Ahmedabad,Premium,1,1020,3086.25
456,23,77003.0,2,970.05,Delhi,Standard,1,1018,5595.08
457,32,40842.0,4,1279.46,Ahmedabad,Standard,1,638,3894.91
458,60,36768.0,5,1121.99,Hyderabad,Standard,0,267,5304.4
459,54,78695.0,2,1497.42,Delhi,Budget,1,88,4903.97
460,50,58098.0,3,1396.8,Hyderabad,Budget,1,455,7035.29
461,25,71240.0,1,779.36,Bangalore,Budget,1,757,4463.45
462,61,49241.0,4,739.03,Bangalore,Premium,1,431,5236.63
463,61,84855.0,5,1164.08,Bangalore,Premium,1,911,1243.82
464,22,36894.0,2,1213.13,Hyderabad,Standard,0,242,5647.31
465,56,39216.0,4,1504.39,Hyderabad,Standard,1,702,3442.96
466,21,81665.0,5,1405.32,Hyderabad,Budget,1,902,1965.73
467,23,20852.0,2,1783.47,Ahmedabad,Standard,1,741,7258.23
468,62,65679.0,2,1013.12,Hyderabad,Standard,0,66,4916.46
469,49,58390.0,6,990.29,Bangalore,Standard,1,972,845.68
470,69,48961.0,0,816.07,Mumbai,Budget,0,378,3432.75
471,47,57001.0,3,1499.76,Hyderabad,Premium,1,388,5010.0
472,64,47287.0,3,1208.7,Mumbai,Standard,1,781,5069.5
473,52,83134.0,4,458.56,Bangalore,Premium,1,209,4001.19
474,57,87067.0,10,1280.87,Hyderabad,Premium,1,16,-1730.59
475,69,49714.0,5,1306.39,Ahmedabad,Premium,1,986,3896.18
476,33,64133.0,4,1142.26,Ahmedabad,Budget,1,367,7142.07
477,30,40124.0,3,1318.66,Mumbai,Budget,1,780,7804.79
478,67,76096.0,1,711.91,Ahmedabad,Budget,0,440,3785.02
479,59,75705.0,2,1856.41,Ahmedabad,Budget,1,690,8766.67
480,47,55571.0,4,1352.1,Ahmedabad,Standard,1,1060,1765.98
481,36,60253.0,4,490.52,Bangalore,Standard,0,847,3379.94
482,34,58594.0,2,1197.64,Ahmedabad,Standard,0,422,6782.99
483,36,35723.0,1,1362.69,Delhi,Budget,1,608,6468.11
484,45,83190.0,2,754.83,Hyderabad,Premium,0,20,4980.76
485,43,48496.0,2,1413.45,Ahmedabad,Budget,0,676,2761.75
486,54,48598.0,1,1872.37,Ahmedabad,Budget,1,382,2756.4
487,43,57744.0,3,942.25,Ahmedabad,Standard,1,609,3548.63
488,40,74933.0,1,1371.38,Delhi,Standard,1,143,2843.32
489,26,51130.0,1,1283.44,Ahmedabad,Standard,0,62,5261.41
490,29,30717.0,4,1587.32,Ahmedabad,Budget,0,238,4815.47
491,18,46695.0,4,1156.46,Hyderabad,Standard,1,927,2677.28
492,18,66362.0,3,773.31,Delhi,Budget,0,342,4290.23
493,64,92846.0,2,1561.67,Delhi,Budget,1,455,-298.87
494,51,41101.0,4,797.1,Ahmedabad,Standard,0,282,5678.44
495,49,40552.0,4,1923.54,Delhi,Budget,1,886,6433.45
496,65,37311.0,5,1424.31,Mumbai,Budget,1,1025,3176.38
497,42,35449.0,4,960.44,Delhi,Standard,0,723,3427.25
498,57,78085.0,1,1643.46,Delhi,Premium,1,87,5515.78
499,62,82420.0,2,1196.32,Delhi,Premium,0,665,5212.53
500,18,62666.0,1,1111.44,Bangalore,Standard,1,862,6546.24
501,33,52984.0,1,927.65,Bangalore,Budget,1,61,3446.64
502,56,86867.0,4,448.73,Bangalore,Budget,1,797,3678.89
503,22,62609.0,2,1441.76,Delhi,Budget,1,95,4558.6
504,39,76342.0,2,548.75,Mumbai,Standard,1,786,2867.76
505,46,52253.0,3,882.68,Delhi,Standard,0,961,4515.04
506,20,60664.0,0,1373.14,Ahmedabad,Standard,0,297,2900.45
507,29,41440.0,2,999.73,Mumbai,Standard,1,694,5835.14
508,43,69439.0,1,1262.86,Bangalore,Budget,1,399,3129.39
509,33,62864.0,1,714.52,Hyderabad,Standard,0,946,5505.79
510,68,46582.0,6,1060.62,Mumbai,Budget,0,534,7913.23
511,54,46783.0,1,1265.35,Bangalore,Standard,1,402,5856.45
512,39,84239.0,2,819.41,Mumbai,Standard,1,130,5351.77
513,46,89575.0,5,1874.55,Mumbai,Standard,1,292,2272.72
514,31,56803.0,2,945.03,Delhi,Standard,1,276,7778.07
515,45,61016.0,0,1751.37,Ahmedabad,Standard,1,912,7231.46
516,22,66002.0,4,1132.88,Hyderabad,Budget,0,926,4687.31
517,64,62220.0,5,572.61,Bangalore,Budget,0,55,4231.77
518,66,34886.0,3,745.24,Mumbai,Standard,0,739,3372.04
519,47,66418.0,6,1270.43,Hyderabad,Budget,1,1050,8578.75
520,63,28682.0,1,1613.11,Mumbai,Standard,1,765,6567.93
521,69,49010.0,1,1907.91,Ahmedabad,Standard,1,642,3483.18
522,22,67581.0,2,1251.29,Hyderabad,Premium,0,724,7198.54
523,29,69000.0,2,729.1,Bangalore,Premium,1,802,7678.3
524,33,47849.0,4,1311.39,Mumbai,Budget,1,738,4957.57
525,43,53123.0,0,869.91,Ahmedabad,Premium,1,758,4311.31
526,43,51092.0,1,1356.88,Hyderabad,Standard,0,567,3013.83
527,65,58457.0,4,823.41,Mumbai,Standard,1,340,6414.86
528,38,59598.0,1,364.17,Mumbai,Budget,0,153,4145.85
529,56,70027.0,3,1726.74,Bangalore,Premium,1,1004,4063.15
530,53,52247.0,4,1109.43,Ahmedabad,Budget,1,427,4976.94
531,50,65601.0,6,1219.86,Delhi,Premium,0,1003,3363.99
532,47,67605.0,2,1598.68,Mumbai,Budget,1,204,8056.85
533,54,62974.0,2,1951.54,Hyderabad,Standard,0,325,6935.82
534,40,56106.0,3,1488.03,Bangalore,Standard,1,950,5153.11
535,27,62710.0,4,1241.2,Bangalore,Budget,0,951,3297.51
536,22,71276.0,3,1385.15,Mumbai,Budget,1,939,3405.48
537,53,72588.0,3,1082.09,Mumbai,Standard,1,957,3317.28
538,51,87231.0,3,1214.45,Mumbai,Budget,1,894,2538.61
539,69,45150.0,2,1257.95,Delhi,Standard,1,435,5645.37
540,48,53400.0,5,885.35,Mumbai,Standard,1,371,3715.12
541,27,35798.0,2,1208.47,Ahmedabad,Premium,0,933,3600.9
542,36,73965.0,1,1346.84,Hyderabad,Standard,1,249,3372.13
543,49,54982.0,3,1406.81,Mumbai,Budget,1,891,7007.16
544,18,63093.0,4,1374.93,Delhi,Budget,1,181,3482.85
545,22,50935.0,2,664.39,Hyderabad,Budget,1,703,7538.09
546,62,55099.0,2,1691.7,Bangalore,Premium,1,999,4424.61
547,21,78348.0,2,1658.51,Mumbai,Premium,1,78,2509.84
548,33,70414.0,3,1161.54,Hyderabad,Budget,1,919,5938.54
549,41,58327.0,1,1382.2,Bangalore,Budget,1,885,6774.55
550,33,71517.0,2,1113.38,Delhi,Premium,0,336,3283.93
551,19,71849.0,0,1500.78,Ahmedabad,Premium,1,50,5126.48
552,66,54129.0,2,874.29,Mumbai,Premium,1,85,5636.93
553,45,37964.0,2,1736.98,Ahmedabad,Premium,1,695,5191.27
554,49,46513.0,2,1480.88,Delhi,Standard,1,4,4083.71
555,44,39892.0,4,1490.17,Hyderabad,Budget,0,993,6763.24
556,37,77467.0,2,1157.98,Hyderabad,Standard,1,317,4497.77
557,41,80072.0,3,634.95,Delhi,Standard,1,763,3788.64
558,29,83796.0,2,1553.57,Delhi,Standard,1,612,1469.83
559,67,29707.0,5,648.18,Mumbai,Standard,0,1005,1488.48
560,52,76071.0,0,1558.39,Bangalore,Budget,0,914,5431.81
561,50,93183.0,4,891.15,Ahmedabad,Budget,1,799,4845.9
562,50,76680.0,2,565.18,Ahmedabad,Standard,1,119,6774.89
563,68,27732.0,6,1200.4,Hyderabad,Budget,1,350,7260.57
564,60,86524.0,2,1673.12,Hyderabad,Standard,0,917,4509.79
565,54,60625.0,2,813.76,Mumbai,Premium,1,687,6897.3
566,29,56514.0,1,1839.61,Delhi,Premium,0,542,3876.31
567,20,66766.0,1,1462.7,Ahmedabad,Standard,0,1079,4700.22
568,18,44265.0,2,1262.7,Mumbai,Standard,1,361,4643.03
569,50,60042.0,1,1025.75,Hyderabad,Budget,1,708,8158.13
570,57,84306.0,5,1053.64,Hyderabad,Standard,0,685,2443.03
571,27,69336.0,3,1372.07,Ahmedabad,Standard,1,330,5118.28
572,60,60876.0,2,1538.42,Hyderabad,Standard,0,219,3607.93
573,61,61344.0,3,962.6,Hyderabad,Premium,0,208,4401.97
574,46,42279.0,2,877.39,Bangalore,Standard,0,845,4316.43
575,30,57750.0,2,1114.47,Delhi,Budget,1,85,5144.13
576,29,35486.0,1,1757.45,Hyderabad,Budget,0,685,7693.84
577,48,75337.0,7,713.24,Bangalore,Standard,1,245,8804.0
578,63,27214.0,2,1656.99,Mumbai,Standard,0,872,6313.14
579,19,72824.0,4,1216.91,Hyderabad,Premium,0,1023,3041.73
580,68,74691.0,6,538.9,Mumbai,Standard,0,596,4650.75
581,67,79781.0,3,1015.35,Hyderabad,Standard,1,685,5521.2
582,52,61303.0,1,1443.87,Ahmedabad,Standard,1,1014,4186.15
583,40,73749.0,2,1920.73,Bangalore,Standard,1,1014,4445.85
584,34,57604.0,1,669.05,Bangalore,Standard,1,350,4857.68
585,43,42200.0,0,72.33,Ahmedabad,Standard,1,282,6544.42
586,25,82961.0,1,676.18,Delhi,Standard,1,293,6060.36
587,46,58547.0,4,1652.17,Bangalore,Budget,0,984,3779.67
588,43,38857.0,4,482.5,Mumbai,Premium,1,20,6185.67
589,27,52998.0,6,1798.9,Bangalore,Budget,1,759,8448.72
590,43,53590.0,1,1685.92,Delhi,Budget,1,405,1974.1
591,51,66925.0,5,1276.41,Mumbai,Budget,1,701,4125.34
592,68,95206.0,7,949.45,Mumbai,Budget,1,980,3973.29
593,58,67836.0,2,1222.1,Ahmedabad,Standard,1,26,5159.83
594,24,63103.0,2,1444.43,Hyderabad,Budget,1,566,1352.25
595,21,96837.0,1,1383.39,Ahmedabad,Budget,1,395,7722.17
596,67,74683.0,3,1895.86,Hyderabad,Standard,1,1001,5093.58
597,62,63814.0,4,1095.96,Ahmedabad,Standard,1,523,5596.27
598,28,52809.0,3,679.66,Hyderabad,Budget,1,862,5364.63
599,46,64743.0,2,609.09,Bangalore,Standard,1,802,3966.93
600,53,59004.0,2,529.08,Mumbai,Standard,0,550,6397.31
601,42,61372.0,2,1278.51,Hyderabad,Premium,1,87,5010.46
602,38,79716.0,4,1106.25,Bangalore,Standard,0,833,830.67
603,53,51895.0,6,1213.06,Delhi,Budget,1,387,4783.67
604,27,67703.0,1,985.18,Ahmedabad,Standard,1,963,4444.86
605,54,74234.0,5,755.93,Delhi,Standard,1,668,6393.48
606,26,50068.0,0,1445.73,Bangalore,Budget,1,286,10402.83
607,41,47661.0,4,214.77,Delhi,Premium,1,698,5755.37
608,52,57745.0,4,879.36,Delhi,Standard,0,965,9239.6
609,66,53076.0,5,1514.6,Bangalore,Premium,1,369,3627.55
610,52,77285.0,1,839.66,Mumbai,Standard,1,655,3755.75
611,65,44973.0,5,1356.67,Hyderabad,Standard,1,654,4507.13
612,53,61027.0,2,879.9,Ahmedabad,Standard,1,697,5850.38
613,35,98191.0,2,1017.66,Hyderabad,Standard,1,1024,3718.79
614,66,66196.0,6,1429.97,Ahmedabad,Standard,0,915,1776.31
615,56,68689.0,1,688.86,Hyderabad,Premium,1,288,5046.11
616,49,77410.0,3,1498.11,Delhi,Standard,0,95,2714.01
617,41,53056.0,5,1218.37,Mumbai,Premium,1,669,7231.66
618,40,43779.0,3,1702.58,Delhi,Premium,1,41,6287.74
619,49,62648.0,0,1283.26,Mumbai,Premium,0,331,3480.95
620,54,63981.0,4,772.21,Bangalore,Standard,1,504,5911.58
621,29,35727.0,2,1891.2,Ahmedabad,Standard,1,275,3903.68
622,66,65626.0,1,805.62,Ahmedabad,Budget,1,179,4895.62
623,30,76048.0,6,1109.14,Bangalore,Standard,0,137,4916.66
624,40,46306.0,5,1582.96,Hyderabad,Budget,0,767,4328.74
625,42,66533.0,4,448.03,Bangalore,Budget,1,988,6661.36
626,52,73384.0,1,1775.87,Bangalore,Budget,0,243,2761.67
627,58,68800.0,2,739.65,Mumbai,Premium,1,197,6073.95
628,47,70215.0,2,1018.0,Bangalore,Premium,1,526,5609.06
629,34,56328.0,2,1315.54,Ahmedabad,Standard,0,632,2190.85
630,66,43087.0,2,1183.32,Delhi,Standard,1,408,3411.16
631,37,53293.0,0,1515.67,Mumbai,Standard,1,691,2812.24
632,65,51209.0,8,559.68,Mumbai,Standard,1,170,4267.15
633,42,58796.0,4,1490.98,Hyderabad,Standard,1,159,5096.85
634,39,76399.0,2,1522.9,Delhi,Budget,1,447,3143.23
635,30,40322.0,3,1611.69,Mumbai,Budget,1,1018,6938.26
636,36,62164.0,4,564.14,Bangalore,Standard,1,1081,7115.57
637,66,44049.0,3,612.43,Mumbai,Standard,0,112,7468.84
638,53,48899.0,5,1063.05,Mumbai,Standard,1,48,-436.09
639,29,68381.0,6,655.67,Mumbai,Premium,1,376,8896.34
640,58,42151.0,9,478.41,Hyderabad,Budget,1,828,5332.11
641,36,71014.0,4,1045.81,Mumbai,Budget,1,33,5094.6
642,29,39718.0,5,1293.64,Mumbai,Standard,1,504,4796.25
643,26,70005.0,3,2319.59,Hyderabad,Budget,1,627,2357.5
644,24,36757.0,2,1419.47,Delhi,Budget,0,1027,5719.52
645,45,50733.0,1,1900.91,Ahmedabad,Budget,0,42,8223.89
646,31,88447.0,3,1182.34,Hyderabad,Standard,0,9,5308.05
647,48,85628.0,2,1423.83,Hyderabad,Budget,1,1000,2769.81
648,69,53812.0,3,1141.54,Mumbai,Standard,1,819,1949.39
649,36,65849.0,3,2273.25,Mumbai,Standard,1,657,4411.95
650,64,78061.0,4,925.76,Ahmedabad,Budget,1,790,3511.95
651,33,70219.0,1,980.01,Mumbai,Standard,1,1051,6405.15
652,22,55898.0,4,1518.62,Bangalore,Budget,1,1067,7740.84
653,52,48770.0,2,1282.99,Mumbai,Premium,1,598,5939.3
654,29,73022.0,3,1030.34,Mumbai,Premium,1,936,4829.82
655,42,76961.0,2,1584.15,Bangalore,Budget,0,1012,4734.94
656,69,85736.0,2,1183.54,Ahmedabad,Premium,0,21,5142.17
657,38,34691.0,4,1180.72,Bangalore,Standard,1,999,2680.12
658,53,41203.0,4,1292.23,Hyderabad,Premium,1,457,6204.53
659,40,77429.0,7,506.35,Bangalore,Standard,1,1014,2838.37
660,33,36727.0,0,562.7,Delhi,Budget,1,265,7232.34
661,56,78578.0,2,1634.76,Hyderabad,Premium,0,184,4273.51
662,62,56776.0,1,929.22,Mumbai,Budget,1,227,6661.62
663,59,52186.0,5,1146.82,Hyderabad,Budget,1,1093,2053.46
664,56,63081.0,2,1844.98,Ahmedabad,Budget,0,969,6647.52
665,31,39819.0,0,1164.85,Ahmedabad,Budget,1,805,7725.05
666,48,72360.0,1,1115.96,Bangalore,Standard,1,723,2436.85
667,22,85345.0,4,1558.43,Hyderabad,Standard,1,1002,4772.99
668,52,73059.0,6,960.69,Mumbai,Premium,0,875,5669.77
669,40,56302.0,1,1681.17,Ahmedabad,Budget,1,84,5767.74
670,46,36929.0,2,1550.22,Mumbai,Premium,1,740,4320.89
671,60,37506.0,4,1932.13,Delhi,Premium,0,223,3968.33
672,28,40055.0,5,923.86,Ahmedabad,Budget,1,793,5506.53
673,35,59816.0,2,1746.79,Bangalore,Budget,1,733,5705.11
674,64,61701.0,3,1421.64,Delhi,Premium,1,405,3745.19
675,29,73027.0,4,669.85,Hyderabad,Standard,1,329,3349.92
676,26,33060.0,4,161.53,Mumbai,Standard,0,426,7422.75
677,27,79668.0,2,880.79,Ahmedabad,Standard,1,770,5215.34
678,61,70416.0,6,1316.94,Delhi,Standard,1,608,456.59
679,34,55097.0,3,1374.94,Delhi,Budget,0,526,7435.02
680,55,42154.0,1,1176.37,Ahmedabad,Standard,1,625,3805.71
681,24,78737.0,4,1179.95,Hyderabad,Budget,1,77,5133.48
682,63,55499.0,1,1149.6,Hyderabad,Standard,1,920,5749.73
683,30,59700.0,4,1612.49,Bangalore,Premium,1,946,2032.63
684,57,65754.0,2,625.48,Hyderabad,Standard,0,466,4422.39
685,59,46302.0,2,1307.32,Bangalore,Premium,1,492,7635.15
686,26,55767.0,2,870.9,Delhi,Standard,0,313,7178.72
687,67,72980.0,3,837.38,Ahmedabad,Standard,0,308,4419.28
688,44,71461.0,6,1670.49,Hyderabad,Standard,1,691,6431.67
689,19,71597.0,2,806.69,Bangalore,Premium,1,89,6695.05
690,22,42672.0,4,1144.19,Delhi,Standard,1,735,6593.0
691,46,56451.0,1,1983.4,Hyderabad,Budget,0,778,2707.95
692,54,54054.0,0,1535.23,Mumbai,Premium,1,751,8282.3
693,55,66378.0,1,1018.01,Delhi,Standard,1,371,4072.31
694,36,65035.0,3,1051.05,Hyderabad,Budget,1,451,5218.67
695,25,62331.0,3,709.12,Delhi,Standard,1,167,4297.44
696,65,96986.0,3,1720.26,Ahmedabad,Premium,1,392,5459.52
697,62,55638.0,4,1604.54,Ahmedabad,Standard,1,736,3271.47
698,18,53883.0,4,1474.64,Ahmedabad,Budget,0,491,4549.75
699,39,42649.0,3,1518.73,Mumbai,Premium,1,925,5365.51
700,69,36932.0,4,890.19,Ahmedabad,Standard,1,1067,7449.3
701,34,41695.0,3,580.84,Mumbai,Standard,1,945,7207.86
702,24,49220.0,5,1424.22,Ahmedabad,Budget,0,29,7309.11
703,42,79651.0,4,1555.42,Delhi,Budget,1,1055,6737.3
704,62,60587.0,1,1842.82,Hyderabad,Standard,1,693,8693.35
705,21,62900.0,1,1119.64,Hyderabad,Premium,1,128,4419.72
706,53,58556.0,1,1061.3,Ahmedabad,Budget,1,767,4684.46
707,23,65480.0,2,1104.3,Hyderabad,Budget,1,441,4602.11
708,48,81031.0,2,1468.3,Ahmedabad,Budget,1,869,4877.74
709,36,30091.0,4,1087.16,Ahmedabad,Standard,1,524,2127.56
710,61,78275.0,2,1179.1,Bangalore,Budget,0,760,5529.52
711,56,22274.0,3,1532.42,Bangalore,Budget,1,110,5992.11
712,44,60423.0,4,949.67,Bangalore,Budget,1,163,4485.19
713,27,92879.0,4,1756.46,Mumbai,Standard,1,560,1485.32
714,43,70210.0,4,1453.24,Bangalore,Standard,1,399,5042.86
715,36,65596.0,5,456.95,Ahmedabad,Budget,0,583,2410.59
716,56,90029.0,3,993.86,Delhi,Premium,1,399,5854.62
717,20,49454.0,6,390.26,Bangalore,Budget,1,239,5238.62
718,62,66510.0,2,1121.33,Bangalore,Budget,1,1056,5434.74
719,30,68672.0,4,1000.68,Delhi,Premium,0,110,2877.93
720,67,52164.0,3,1533.94,Ahmedabad,Standard,1,300,7523.17
721,45,53488.0,2,847.59,Mumbai,Standard,1,1002,5340.42
722,37,51843.0,5,1355.09,Bangalore,Budget,1,764,3171.53
723,45,61310.0,2,1427.54,Delhi,Standard,1,249,6159.28
724,25,68200.0,1,1302.88,Ahmedabad,Standard,1,521,5195.47
725,58,61848.0,2,1656.05,Hyderabad,Premium,1,34,8673.83
726,56,70642.0,2,2027.32,Mumbai,Budget,1,228,3894.25
727,18,30463.0,6,1244.78,Delhi,Standard,1,585,2504.93
728,20,56726.0,2,1362.07,Delhi,Standard,1,958,5578.69
729,30,44649.0,3,847.89,Delhi,Premium,1,813,7024.45
730,45,64526.0,3,792.19,Bangalore,Budget,1,724,9645.94
731,66,64304.0,4,1613.53,Hyderabad,Premium,0,584,11837.22
732,42,58266.0,2,1560.61,Mumbai,Budget,1,570,1895.9
733,50,67654.0,2,788.15,Ahmedabad,Standard,1,220,4729.52
734,55,74967.0,3,676.71,Ahmedabad,Budget,0,787,2511.57
735,23,59092.0,4,940.51,Hyderabad,Standard,0,528,4505.23
736,61,44225.0,5,1143.45,Delhi,Budget,0,75,9954.49
737,62,36281.0,6,1036.35,Delhi,Budget,1,136,3360.58
738,49,60542.0,0,1264.21,Delhi,Budget,1,74,4956.1
739,62,63628.0,3,1566.83,Delhi,Budget,0,254,3838.28
740,64,45457.0,2,1384.84,Delhi,Premium,1,1042,2993.41
741,38,70887.0,5,1414.45,Hyderabad,Premium,1,1022,8585.58
742,33,53116.0,4,219.39,Bangalore,Standard,1,1067,1921.49
743,38,35154.0,1,554.44,Mumbai,Budget,1,50,4834.97
744,28,78847.0,1,881.42,Delhi,Standard,1,515,5175.93
745,54,77160.0,2,947.44,Bangalore,Standard,1,744,4933.9
746,53,29766.0,2,1535.93,Ahmedabad,Premium,0,731,4368.58
747,52,51561.0,2,848.44,Hyderabad,Standard,0,571,8228.69
748,36,50976.0,3,1466.77,Bangalore,Premium,1,576,776.24
749,37,84592.0,0,885.96,Delhi,Premium,1,903,5872.9
750,35,58511.0,0,719.65,Delhi,Premium,1,202,5962.0
751,64,37562.0,3,738.22,Delhi,Budget,0,207,5573.98
752,58,73232.0,2,2103.31,Bangalore,Budget,0,415,3338.31
753,66,41538.0,5,877.05,Delhi,Standard,1,221,7410.06
754,31,56095.0,4,1476.39,Bangalore,Standard,1,758,7309.96
755,32,48453.0,1,576.72,Delhi,Budget,1,763,3267.82
756,48,51593.0,4,1767.57,Ahmedabad,Budget,1,563,2604.23
757,18,74059.0,6,1339.62,Ahmedabad,Standard,1,369,2217.79
758,20,82820.0,2,1309.59,Mumbai,Standard,1,896,5450.81
759,33,40884.0,1,1365.53,Delhi,Budget,1,204,5093.56
760,40,69391.0,4,1409.6,Delhi,Standard,0,1049,4277.78
761,28,49009.0,6,1523.63,Bangalore,Standard,1,957,9162.63
762,29,49475.0,2,960.36,Bangalore,Standard,1,69,4077.83
763,27,67360.0,5,936.96,Delhi,Budget,1,516,5375.0
764,49,44581.0,2,1219.69,Mumbai,Standard,1,240,4611.39
765,33,67059.0,1,1473.77,Delhi,Standard,1,361,8926.24
766,25,70952.0,1,1173.34,Bangalore,Budget,0,1055,1020.67
767,55,53512.0,1,1509.56,Delhi,Standard,0,707,4380.18
768,29,79906.0,1,1447.13,Bangalore,Budget,0,690,6228.51
769,41,40908.0,2,1113.21,Delhi,Budget,0,657,4555.22
770,45,80181.0,2,501.13,Hyderabad,Standard,1,344,2391.33
771,25,30840.0,1,998.59,Bangalore,Budget,1,536,5353.19
772,45,100496.0,1,1897.12,Mumbai,Budget,0,355,1757.35
773,53,53907.0,3,1336.02,Hyderabad,Premium,1,928,6340.47
774,43,42565.0,3,944.18,Delhi,Budget,1,983,4173.47
775,25,56510.0,1,1300.26,Bangalore,Premium,1,105,3837.06
776,67,44303.0,3,1470.66,Hyderabad,Standard,1,962,7092.31
777,45,65804.0,4,944.37,Mumbai,Budget,1,527,2993.55
778,45,80515.0,3,1694.15,Bangalore,Budget,0,504,1915.07
779,54,45098.0,3,1398.28,Hyderabad,Standard,1,931,3179.03
780,58,68691.0,5,760.04,Hyderabad,Standard,0,709,9094.0
781,53,37009.0,2,1542.55,Hyderabad,Budget,1,235,2992.62
782,44,75494.0,1,1036.15,Ahmedabad,Budget,1,1030,5731.05
783,34,66244.0,1,1128.35,Delhi,Standard,1,494,6686.71
784,26,76143.0,3,793.61,Bangalore,Budget,1,878,3120.5
785,50,58165.0,2,1452.58,Bangalore,Premium,1,967,3123.09
786,37,53473.0,6,1140.45,Bangalore,Standard,0,966,5360.32
787,30,72242.0,0,1469.5,Hyderabad,Standard,1,964,5450.64
788,45,40379.0,3,979.61,Delhi,Budget,1,897,7695.23
789,65,33858.0,4,933.84,Mumbai,Budget,1,217,3461.54
790,46,59926.0,5,901.43,Bangalore,Premium,0,623,4245.49
791,30,54156.0,1,1358.41,Delhi,Budget,1,353,10676.79
792,63,68307.0,2,927.86,Delhi,Budget,1,692,1414.75
793,52,76373.0,2,1118.75,Ahmedabad,Standard,1,675,1004.62
794,23,67995.0,2,992.63,Bangalore,Budget,1,631,2233.92
795,35,75179.0,4,1376.03,Hyderabad,Standard,1,325,7203.21
796,68,64816.0,3,505.88,Delhi,Premium,1,901,4123.43
797,22,67419.0,2,1298.81,Delhi,Standard,1,308,4122.71
798,64,58250.0,1,1892.54,Mumbai,Premium,1,654,3069.55
799,42,66976.0,2,1694.41,Ahmedabad,Premium,1,285,6836.84
800,19,62500.0,4,953.34,Delhi,Budget,0,392,2264.89
801,27,64878.0,3,1397.84,Delhi,Budget,0,360,3837.0
802,47,57499.0,4,1320.23,Hyderabad,Standard,1,769,3148.72
803,67,72134.0,2,1787.76,Hyderabad,Standard,0,797,-344.55
804,62,49343.0,3,195.95,Mumbai,Budget,1,932,4043.52
805,22,59725.0,0,1645.15,Mumbai,Premium,0,165,4881.64
806,50,79677.0,3,1092.99,Mumbai,Standard,1,733,3448.96
807,18,45769.0,3,902.71,Hyderabad,Budget,0,581,4463.45
808,35,27572.0,3,891.28,Hyderabad,Standard,1,821,4514.75
809,49,65497.0,1,680.04,Ahmedabad,Budget,1,124,4733.95
810,64,56146.0,3,954.35,Bangalore,Premium,1,344,2891.9
811,66,75163.0,1,768.11,Bangalore,Standard,1,524,2777.02
812,28,58042.0,4,1272.09,Ahmedabad,Budget,0,1076,5093.89
813,38,50935.0,0,1435.98,Bangalore,Budget,0,129,2047.82
814,43,58863.0,4,1097.37,Hyderabad,Premium,1,657,4571.75
815,42,76396.0,3,1799.89,Bangalore,Standard,1,738,8270.98
816,39,68631.0,2,980.63,Hyderabad,Premium,1,939,4922.35
817,44,23491.0,2,1076.46,Ahmedabad,Budget,1,71,1346.87
818,66,62787.0,4,1010.82,Mumbai,Budget,1,273,5359.64
819,30,63536.0,3,1439.45,Ahmedabad,Budget,0,1027,6636.98
820,50,59726.0,3,1479.83,Bangalore,Standard,1,22,3409.37
821,51,50837.0,3,1398.15,Hyderabad,Budget,1,166,4402.09
822,58,77918.0,7,1150.36,Bangalore,Budget,1,875,3244.62
823,52,78661.0,6,663.75,Bangalore,Standard,1,498,4075.64
824,18,26953.0,2,1072.22,Mumbai,Standard,0,434,3668.91
825,38,48031.0,0,1791.26,Bangalore,Budget,1,758,5871.34
826,65,57829.0,3,1605.3,Mumbai,Standard,0,234,8316.52
827,23,74228.0,4,1317.62,Hyderabad,Standard,1,837,5114.43
828,45,60523.0,1,1046.22,Hyderabad,Budget,1,663,1916.51
829,34,49746.0,1,1194.55,Mumbai,Budget,1,725,10058.87
830,22,70643.0,6,1048.0,Ahmedabad,Budget,1,376,6165.8
831,48,56830.0,8,1677.22,Hyderabad,Standard,0,730,6572.94
832,22,58239.0,1,864.41,Ahmedabad,Premium,1,303,4872.55
833,55,59593.0,2,1569.47,Hyderabad,Budget,1,405,5465.46
834,20,68615.0,4,988.32,Hyderabad,Budget,1,708,4316.35
835,40,55372.0,4,1728.37,Delhi,Premium,0,917,6807.39
836,54,70304.0,4,1370.71,Bangalore,Premium,0,21,4045.19
837,54,58904.0,2,900.25,Bangalore,Standard,0,257,5978.75
838,27,43995.0,5,1076.28,Ahmedabad,Premium,1,399,6938.81
839,27,59448.0,5,1484.66,Bangalore,Standard,0,51,7491.87
840,36,44772.0,2,1000.34,Ahmedabad,Standard,1,447,7063.89
841,34,60615.0,2,1208.85,Hyderabad,Budget,1,827,2952.8
842,38,72442.0,6,994.82,Delhi,Standard,1,595,8145.49
843,31,43896.0,7,1903.65,Delhi,Budget,1,818,6328.52
844,26,65464.0,2,1972.43,Hyderabad,Premium,0,636,5611.19
845,63,47564.0,3,1785.25,Mumbai,Premium,1,1073,5841.75
846,18,63026.0,2,1150.25,Mumbai,Standard,1,775,4683.22
847,68,72903.0,6,1038.9,Bangalore,Budget,1,973,4066.76
848,62,28057.0,1,888.33,Ahmedabad,Budget,1,397,4262.99
849,30,43283.0,4,1814.29,Delhi,Budget,0,683,7576.25
850,21,54465.0,1,1572.29,Bangalore,Budget,1,1051,5162.1
851,18,64726.0,1,1591.5,Hyderabad,Standard,1,711,5563.44
852,66,57504.0,3,1100.03,Delhi,Premium,1,529,5120.28
853,57,59312.0,4,496.84,Ahmedabad,Budget,0,685,3664.15
854,49,90645.0,5,588.82,Ahmedabad,Budget,0,613,706.36
855,51,41813.0,2,1223.05,Mumbai,Standard,1,186,6537.44
856,45,77032.0,4,990.93,Bangalore,Budget,1,696,6325.56
857,48,54750.0,3,944.92,Hyderabad,Premium,1,215,4977.09
858,25,68242.0,3,1338.06,Delhi,Budget,1,216,2819.52
859,56,91934.0,1,1605.46,Ahmedabad,Budget,1,29,8641.64
860,43,70330.0,4,919.51,Delhi,Budget,0,102,4317.7
861,51,65587.0,1,677.76,Hyderabad,Budget,0,123,5496.5
862,20,83987.0,4,929.01,Delhi,Standard,1,54,3593.7
863,67,76872.0,1,782.41,Bangalore,Budget,1,616,2300.56
864,29,48009.0,1,1437.13,Mumbai,Standard,1,557,6179.27
865,18,64418.0,2,1198.36,Delhi,Standard,1,114,1998.38
866,61,34238.0,0,1952.2,Mumbai,Budget,1,855,5458.08
867,22,51898.0,1,1493.87,Hyderabad,Budget,1,676,5463.89
868,47,64711.0,2,1925.54,Mumbai,Standard,0,977,2760.47
869,47,50968.0,2,638.45,Delhi,Standard,0,701,2407.17
870,34,64101.0,0,-101.14,Delhi,Premium,1,292,3459.13
871,65,59799.0,3,1297.2,Ahmedabad,Budget,1,261,3744.88
872,64,68046.0,3,1249.29,Delhi,Budget,1,564,1940.53
873,40,53637.0,3,1150.89,Mumbai,Budget,0,49,2749.72
874,32,45898.0,1,1238.32,Ahmedabad,Standard,0,1030,5151.81
875,54,82172.0,1,750.39,Delhi,Standard,1,379,8979.25
876,38,52565.0,6,1425.27,Delhi,Premium,1,224,7015.3
877,31,69900.0,0,1494.48,Hyderabad,Standard,1,1047,5321.04
878,19,81529.0,2,720.1,Ahmedabad,Budget,1,1008,7256.68
879,28,62440.0,4,1058.55,Hyderabad,Standard,1,657,7310.93
880,68,47155.0,5,1083.25,Hyderabad,Premium,0,110,4390.04
881,56,57321.0,3,931.68,Hyderabad,Budget,0,724,5515.79
882,55,75263.0,2,735.56,Bangalore,Standard,1,553,6955.8
883,51,63094.0,2,1205.0,Hyderabad,Premium,1,1006,7228.95
884,55,41923.0,4,1304.32,Mumbai,Standard,0,698,7248.15
885,67,68950.0,4,955.93,Delhi,Standard,1,726,2945.98
886,51,71543.0,1,763.68,Bangalore,Budget,0,306,7350.1
887,35,54670.0,5,1364.22,Hyderabad,Standard,1,959,8716.15
888,47,69154.0,1,893.07,Delhi,Budget,0,954,7986.86
889,32,63675.0,4,1076.32,Ahmedabad,Standard,1,621,2828.96
890,44,57039.0,2,1025.57,Ahmedabad,Budget,0,630,2326.05
891,68,40597.0,5,1698.28,Delhi,Premium,1,877,5930.45
892,51,76169.0,2,911.43,Mumbai,Premium,0,556,7949.67
893,69,71388.0,6,1890.21,Delhi,Standard,1,67,5452.34
894,55,68758.0,2,1500.92,Delhi,Budget,1,835,4530.04
895,50,83168.0,1,1928.36,Bangalore,Budget,0,206,4819.62
896,41,74178.0,3,1465.86,Ahmedabad,Standard,0,786,7040.98
897,32,70298.0,4,1111.58,Ahmedabad,Standard,1,155,4356.78
898,47,26802.0,3,833.05,Hyderabad,Standard,1,1073,5961.91
899,59,77953.0,5,1057.84,Delhi,Budget,0,783,4739.27
900,68,61246.0,4,1794.91,Delhi,Standard,0,585,3223.32
901,34,64687.0,3,1180.82,Mumbai,Standard,0,708,3066.62
902,22,64790.0,1,1464.37,Ahmedabad,Standard,0,179,6050.62
903,46,71607.0,3,1282.79,Mumbai,Standard,1,1072,-410.81
904,21,76833.0,1,1299.86,Bangalore,Standard,1,113,5958.53
905,27,69514.0,1,1315.26,Hyderabad,Budget,1,757,4658.76
906,34,67129.0,4,1398.14,Mumbai,Budget,1,897,6892.17
907,27,63473.0,3,874.36,Ahmedabad,Standard,1,821,6202.93
908,34,9726.0,3,1090.04,Bangalore,Budget,1,159,5089.24
909,37,55686.0,2,1323.73,Delhi,Standard,1,786,2865.27
910,41,45876.0,6,1265.39,Bangalore,Standard,1,1054,2973.53
911,22,78161.0,3,1015.52,Mumbai,Premium,1,251,3710.07
912,51,69286.0,1,1366.64,Ahmedabad,Standard,0,113,6737.19
913,23,53128.0,4,891.54,Mumbai,Budget,0,259,8537.41
914,19,54634.0,0,710.8,Delhi,Budget,0,107,5659.78
915,30,54090.0,5,1317.99,Delhi,Premium,0,575,3821.56
916,60,53823.0,5,720.6,Ahmedabad,Budget,1,991,4029.95
917,60,38332.0,1,1312.05,Hyderabad,Standard,1,427,4121.98
918,65,35081.0,1,418.13,Bangalore,Standard,1,859,7080.23
919,28,60436.0,2,910.0,Bangalore,Budget,0,918,4082.83
920,68,76130.0,4,1068.97,Delhi,Budget,1,627,4912.63
921,64,51935.0,3,557.35,Mumbai,Standard,0,475,7689.6
922,40,64552.0,4,1050.93,Mumbai,Premium,1,552,3865.04
923,33,71014.0,4,1674.01,Hyderabad,Budget,1,344,6114.12
924,48,45099.0,3,691.88,Mumbai,Premium,0,628,6800.91
925,28,59700.0,1,1061.85,Bangalore,Standard,1,136,5126.88
926,33,50002.0,3,1881.06,Mumbai,Premium,1,277,8908.24
927,25,84092.0,2,775.26,Hyderabad,Budget,0,31,8330.91
928,21,83437.0,3,1758.89,Bangalore,Budget,0,247,5526.19
929,57,45115.0,4,1088.4,Mumbai,Premium,1,411,3392.37
930,21,65788.0,4,1240.76,Bangalore,Premium,0,27,3486.88
931,42,76014.0,4,1716.59,Delhi,Standard,1,73,5425.28
932,20,72725.0,0,1005.96,Delhi,Standard,1,673,2819.94
933,49,61223.0,0,1452.41,Delhi,Premium,0,476,5537.88
934,20,79598.0,7,1553.84,Mumbai,Budget,0,287,8376.19
935,44,46432.0,3,939.67,Hyderabad,Standard,1,212,5124.97
936,46,55454.0,4,895.43,Bangalore,Premium,1,401,4962.1
937,49,46835.0,4,1108.56,Ahmedabad,Budget,1,655,6706.39
938,67,71737.0,3,1121.07,Delhi,Budget,1,1058,6049.67
939,68,51260.0,5,768.42,Delhi,Standard,1,498,2703.38
940,36,57431.0,1,943.36,Ahmedabad,Budget,0,848,4089.53
941,38,69265.0,4,-186.76,Ahmedabad,Budget,1,98,8787.91
942,22,70474.0,1,1066.29,Mumbai,Premium,1,366,5650.89
943,35,46393.0,4,1557.76,Bangalore,Standard,1,463,2987.13
944,45,75850.0,4,533.32,Delhi,Premium,1,28,4616.31
945,59,66835.0,1,1014.74,Hyderabad,Premium,1,713,1434.83
946,39,43774.0,2,2176.93,Mumbai,Budget,1,273,1284.96
947,38,40084.0,3,1190.98,Mumbai,Budget,1,826,6964.54
948,23,59763.0,2,1742.72,Hyderabad,Budget,1,202,4991.06
949,18,72751.0,4,795.23,Hyderabad,Budget,0,450,6037.75
950,22,73136.0,2,1379.53,Hyderabad,Standard,0,19,7315.77
951,58,65343.0,8,727.11,Ahmedabad,Standard,1,311,5678.95
952,29,60730.0,4,1360.43,Delhi,Standard,0,412,6466.2
953,43,67676.0,4,1536.9,Ahmedabad,Budget,1,742,5514.62
954,63,47170.0,1,1441.99,Delhi,Budget,1,624,7572.8
955,51,85305.0,3,1062.03,Ahmedabad,Standard,0,732,8546.89
956,66,85109.0,3,1309.97,Bangalore,Standard,1,635,5399.14
957,31,66432.0,3,1313.8,Delhi,Budget,1,498,5315.27
958,43,62960.0,7,1466.4,Mumbai,Standard,1,244,5640.32
959,62,53829.0,3,1150.49,Delhi,Budget,1,690,4788.95
960,44,67931.0,2,1572.46,Delhi,Budget,1,577,4199.44
961,26,49630.0,1,1773.84,Delhi,Standard,1,515,7096.67
962,43,26646.0,3,1072.85,Bangalore,Budget,0,207,4202.14
963,64,19288.0,3,1218.58,Ahmedabad,Standard,1,948,4086.79
964,39,48008.0,0,838.07,Mumbai,Budget,1,394,6796.74
965,64,62346.0,3,1336.1,Ahmedabad,Budget,0,1045,6950.22
966,47,64980.0,5,1338.66,Ahmedabad,Budget,1,718,9666.94
967,60,52699.0,4,1223.19,Hyderabad,Premium,1,202,7439.33
968,65,62128.0,4,1253.36,Bangalore,Standard,1,120,6654.06
969,34,55887.0,5,1968.73,Hyderabad,Premium,1,389,6942.69
970,43,45010.0,2,45.31,Bangalore,Standard,1,234,4704.23
971,53,59194.0,3,1001.34,Ahmedabad,Standard,1,602,6124.43
972,18,72194.0,3,1062.51,Ahmedabad,Budget,1,712,6219.28
973,25,45689.0,4,1782.77,Bangalore,Budget,1,982,3915.86
974,66,45696.0,1,1390.12,Ahmedabad,Budget,1,857,4902.11
975,52,43961.0,2,1399.87,Ahmedabad,Budget,1,76,6904.78
976,69,30952.0,3,1703.94,Mumbai,Standard,1,649,4962.98
977,32,52797.0,2,1128.02,Hyderabad,Budget,0,650,6223.14
978,64,70711.0,3,1460.93,Hyderabad,Budget,0,496,6793.59
979,39,62609.0,5,987.69,Hyderabad,Budget,1,830,6700.29
980,31,57461.0,1,778.68,Delhi,Standard,0,483,8461.3
981,43,61936.0,1,1917.67,Mumbai,Standard,0,1084,3837.44
982,45,52665.0,1,1347.61,Hyderabad,Premium,0,991,8285.04
983,40,30782.0,1,1457.87,Hyderabad,Budget,1,619,5948.55
984,31,71756.0,1,767.93,Mumbai,Budget,0,550,6668.1
985,41,76067.0,1,1404.14,Ahmedabad,Budget,1,646,6393.9
986,19,49078.0,3,1911.29,Hyderabad,Premium,1,502,6292.71
987,62,57737.0,2,1089.02,Ahmedabad,Budget,1,846,3725.26
988,43,56445.0,5,697.68,Hyderabad,Standard,1,53,6594.57
989,31,65269.0,5,1273.59,Bangalore,Standard,0,450,2122.34
990,68,85348.0,2,785.64,Delhi,Budget,1,62,9190.53
991,24,77397.0,2,576.88,Hyderabad,Budget,1,1047,5763.64
992,20,54346.0,4,906.09,Bangalore,Budget,1,44,7319.94
993,64,68137.0,0,1002.96,Mumbai,Premium,0,820,6363.63
994,40,78815.0,2,805.1,Bangalore,Standard,1,659,5073.17
995,63,66125.0,3,1730.59,Mumbai,Standard,1,728,3918.5
996,60,59930.0,3,1955.84,Hyderabad,Standard,1,852,3539.33
997,64,66690.0,3,1447.24,Mumbai,Standard,1,47,6558.73
998,62,49451.0,1,1353.68,Bangalore,Standard,1,820,6453.98
999,35,51641.0,3,1143.18,Delhi,Budget,1,1048,6116.9
1000,55,44039.0,1,841.47,Ahmedabad,Budget,1,89,4764.47
1001,52,64606.0,2,1841.16,Ahmedabad,Budget,0,735,5826.47
1002,68,58029.0,2,1174.86,Delhi,Standard,1,178,4154.29
1003,32,47653.0,1,1014.97,Ahmedabad,Budget,1,1019,3638.35
1004,42,57537.0,6,1605.9,Hyderabad,Standard,1,1083,4445.35
1005,54,67050.0,2,1170.57,Hyderabad,Budget,0,901,4533.34
1006,45,88721.0,7,1590.92,Bangalore,Premium,0,438,7928.41
1007,27,75181.0,8,1036.1,Bangalore,Budget,1,426,2269.94
1008,56,25738.0,2,1607.05,Mumbai,Budget,1,968,4933.94
1009,34,63590.0,2,1591.91,Bangalore,Premium,1,486,6264.69
1010,56,81440.0,6,1729.93,Hyderabad,Standard,1,460,8971.07
1011,39,39932.0,3,916.23,Bangalore,Premium,0,921,3785.13
1012,43,68273.0,1,1166.78,Ahmedabad,Budget,1,1039,2768.16
1013,61,56450.0,3,1979.11,Mumbai,Budget,1,748,6446.0
1014,42,77254.0,0,1101.44,Mumbai,Standard,1,51,5329.72
1015,34,66064.0,6,1524.41,Hyderabad,Premium,1,309,4558.4
1016,30,46740.0,2,2116.23,Bangalore,Budget,1,1058,5875.26
1017,37,56987.0,1,460.38,Ahmedabad,Premium,1,1005,6723.69
1018,42,57875.0,3,1088.18,Bangalore,Standard,1,635,6474.08
1019,21,58152.0,3,1200.75,Delhi,Premium,1,205,5603.45
1020,27,76789.0,5,480.45,Bangalore,Budget,0,740,7633.61
1021,20,47361.0,1,1017.61,Hyderabad,Budget,1,1094,5394.79
1022,58,75046.0,2,811.45,Bangalore,Premium,1,533,5086.24
1023,62,55466.0,3,1543.07,Mumbai,Premium,1,108,6427.78
1024,35,63353.0,6,506.94,Ahmedabad,Standard,0,876,2478.94
1025,64,61086.0,2,1955.73,Hyderabad,Budget,1,251,6231.51
1026,53,59673.0,3,1475.96,Delhi,Budget,1,135,4393.56
1027,64,59796.0,4,778.47,Ahmedabad,Standard,1,689,2340.03
1028,39,81860.0,5,1610.57,Ahmedabad,Budget,0,407,5850.37
1029,51,72637.0,1,1438.79,Mumbai,Budget,1,102,4083.45
1030,64,54559.0,4,1184.49,Mumbai,Budget,0,693,1771.03
1031,25,83742.0,4,911.42,Mumbai,Standard,0,404,3257.72
1032,57,64120.0,1,1419.07,Hyderabad,Budget,0,814,8379.3
1033,66,65364.0,6,1249.17,Bangalore,Standard,1,1026,3886.61
1034,61,47440.0,5,924.3,Ahmedabad,Standard,0,855,5645.94
1035,36,52538.0,5,662.7,Bangalore,Standard,1,1027,2831.74
1036,59,49672.0,6,859.76,Bangalore,Standard,1,942,9201.86
1037,58,61291.0,3,998.68,Mumbai,Budget,1,1021,5138.67
1038,54,69582.0,1,1664.99,Bangalore,Standard,1,177,3631.89
1039,23,65508.0,1,1544.3,Ahmedabad,Premium,1,873,6770.19
1040,69,83821.0,6,1019.97,Ahmedabad,Standard,1,477,9100.4
1041,43,46684.0,2,1035.52,Delhi,Premium,1,398,4183.48
1042,51,61723.0,4,1596.54,Hyderabad,Standard,1,220,3591.91
1043,62,40756.0,3,1306.94,Bangalore,Standard,0,173,9590.32
1044,23,46172.0,7,1301.37,Hyderabad,Budget,0,736,4754.64
1045,54,78969.0,2,918.65,Hyderabad,Standard,1,502,4526.8
1046,50,53053.0,4,1150.63,Hyderabad,Standard,1,761,711.24
1047,39,47950.0,0,1201.7,Hyderabad,Budget,1,131,4932.67
1048,38,28050.0,1,1163.52,Ahmedabad,Standard,1,798,2288.11
1049,23,47800.0,2,1493.63,Bangalore,Budget,1,799,3879.81
1050,23,56921.0,7,1506.14,Delhi,Standard,1,930,971.4
1051,65,39639.0,5,832.42,Hyderabad,Standard,0,723,7470.3
1052,21,56058.0,3,999.91,Delhi,Standard,1,1044,2066.78
1053,47,79059.0,7,925.05,Ahmedabad,Premium,1,215,1118.5
1054,28,49390.0,2,1755.41,Ahmedabad,Budget,1,488,3183.57
1055,47,45849.0,3,2101.4,Mumbai,Budget,1,313,7494.67
1056,48,43141.0,1,1014.55,Hyderabad,Budget,1,79,4110.01
1057,41,42874.0,3,1133.16,Mumbai,Premium,1,180,4377.48
1058,26,68034.0,3,1536.93,Delhi,Standard,1,1004,5956.9
1059,20,60730.0,4,917.12,Bangalore,Standard,1,675,4696.68
1060,68,74353.0,3,1545.96,Mumbai,Budget,1,14,7475.92
1061,48,90298.0,4,1191.65,Ahmedabad,Standard,1,859,4520.74
1062,57,32544.0,2,502.5,Hyderabad,Budget,1,246,4553.5
1063,54,65701.0,4,679.83,Delhi,Standard,0,1038,9528.39
1064,53,43221.0,6,1064.86,Ahmedabad,Premium,1,99,5110.33
1065,41,71833.0,3,1689.18,Bangalore,Standard,1,33,5461.14
1066,48,55921.0,4,842.99,Hyderabad,Standard,1,257,4579.15
1067,23,60410.0,1,986.36,Bangalore,Standard,1,34,143.53
1068,19,40752.0,6,1284.45,Bangalore,Standard,1,19,6745.74
1069,37,53604.0,4,532.49,Hyderabad,Standard,1,589,8321.07
1070,45,61345.0,2,1319.42,Hyderabad,Standard,1,137,7511.43
1071,28,80341.0,0,582.5,Bangalore,Budget,1,359,3883.84
1072,21,48082.0,2,1426.87,Delhi,Budget,1,754,4653.59
1073,32,51740.0,4,876.49,Hyderabad,Standard,1,404,5698.37
1074,23,74164.0,3,823.18,Ahmedabad,Standard,1,250,5627.87
1075,66,47110.0,4,1309.12,Mumbai,Budget,1,446,6361.94
1076,47,77136.0,4,1517.6,Delhi,Standard,1,954,5406.12
1077,55,59864.0,6,1350.5,Hyderabad,Budget,1,278,4277.34
1078,68,64547.0,3,1283.06,Hyderabad,Budget,0,112,5273.89
1079,19,65513.0,2,1288.72,Delhi,Standard,0,746,6997.57
1080,32,50757.0,5,1352.93,Mumbai,Standard,0,688,10832.56
1081,28,65848.0,5,1379.21,Bangalore,Standard,1,392,4002.12
1082,25,48414.0,4,1042.29,Ahmedabad,Standard,0,969,5452.41
1083,43,52468.0,2,1461.8,Hyderabad,Premium,0,143,4273.44
1084,68,68380.0,1,880.72,Mumbai,Standard,0,1056,5615.1
1085,62,64401.0,5,1636.56,Ahmedabad,Budget,1,181,6951.31
1086,61,58876.0,6,1512.98,Delhi,Budget,0,579,4583.75
1087,22,41119.0,1,2072.36,Hyderabad,Budget,1,798,907.94
1088,23,44863.0,6,1405.54,Bangalore,Premium,0,269,7057.15
1089,43,64151.0,3,1563.64,Delhi,Budget,1,553,5260.84
1090,21,70982.0,4,575.78,Hyderabad,Budget,1,633,4315.94
1091,36,43355.0,3,1576.68,Mumbai,Budget,1,275,3869.42
1092,37,47403.0,3,1670.58,Ahmedabad,Premium,1,743,5622.41
1093,50,62013.0,4,1801.89,Ahmedabad,Budget,1,86,3608.25
1094,37,61692.0,1,1248.19,Hyderabad,Premium,1,1087,3841.99
1095,66,35641.0,5,1063.24,Delhi,Budget,1,404,2502.76
1096,29,62423.0,2,764.19,Bangalore,Budget,1,192,3635.27
1097,64,51024.0,4,800.79,Mumbai,Budget,0,1055,6261.73
1098,18,84616.0,5,1189.76,Hyderabad,Premium,1,107,2237.66
1099,43,63738.0,3,499.42,Mumbai,Premium,0,622,7304.13
1100,31,66322.0,3,892.71,Ahmedabad,Budget,1,276,2642.09
1101,55,66710.0,4,1235.81,Bangalore,Budget,1,651,5299.87
1102,54,41791.0,2,1226.88,Mumbai,Standard,1,556,5969.9
1103,28,89158.0,4,812.24,Hyderabad,Budget,1,1088,6649.28
1104,53,35656.0,0,706.45,Bangalore,Budget,1,567,6649.78
1105,30,71936.0,0,766.2,Delhi,Budget,1,586,4831.95
1106,60,69280.0,4,1111.66,Hyderabad,Budget,1,885,4656.9
1107,20,52845.0,2,2051.92,Mumbai,Budget,0,129,6193.07
1108,50,69997.0,2,1624.14,Bangalore,Budget,1,256,5556.05
1109,23,55236.0,1,1285.68,Hyderabad,Budget,1,934,4308.36
1110,67,49868.0,2,1421.56,Bangalore,Premium,1,231,5741.95
1111,27,67043.0,5,1606.35,Bangalore,Budget,1,863,4665.74
1112,22,44902.0,2,1470.25,Bangalore,Standard,0,355,3798.93
1113,40,56636.0,3,1076.72,Mumbai,Budget,0,146,4243.32
1114,27,51087.0,0,861.76,Hyderabad,Standard,1,1057,5972.84
1115,61,54960.0,2,1149.89,Ahmedabad,Budget,1,260,3143.82
1116,19,66491.0,3,1601.7,Ahmedabad,Standard,1,87,7212.67
1117,30,51085.0,4,1091.84,Mumbai,Budget,1,843,3885.45
1118,57,57115.0,6,758.13,Mumbai,Premium,1,265,480.22
1119,19,52453.0,4,510.62,Bangalore,Budget,0,392,6105.08
1120,37,81660.0,3,1151.59,Hyderabad,Budget,0,232,-402.92
1121,18,65139.0,2,789.74,Hyderabad,Premium,0,901,2976.16
1122,54,63301.0,5,1025.39,Delhi,Standard,1,588,9844.91
1123,26,70251.0,3,1782.49,Delhi,Budget,0,447,7119.99
1124,34,51088.0,3,1178.46,Ahmedabad,Premium,1,466,6954.75
1125,26,72889.0,2,899.82,Delhi,Budget,1,934,2762.36
1126,28,65193.0,3,1323.5,Delhi,Budget,1,128,4626.74
1127,32,36587.0,6,1968.38,Ahmedabad,Premium,0,1050,7482.86
1128,41,38580.0,1,1151.72,Ahmedabad,Budget,0,573,6279.28
1129,55,51416.0,2,257.79,Delhi,Premium,1,511,7271.71
1130,52,40185.0,2,1460.03,Hyderabad,Budget,1,488,8563.07
1131,47,56426.0,2,1338.57,Delhi,Standard,1,891,6320.22
1132,48,44794.0,7,1236.05,Bangalore,Standard,1,579,2538.63
1133,66,58534.0,1,1112.33,Bangalore,Premium,1,950,6196.76
1134,22,81176.0,3,877.09,Bangalore,Standard,1,406,4528.94
1135,61,59259.0,8,1805.99,Mumbai,Budget,1,1050,2418.28
1136,67,55456.0,1,464.68,Bangalore,Standard,1,364,6789.12
1137,31,65824.0,2,1076.42,Hyderabad,Budget,1,1084,7404.15
1138,28,49554.0,4,1067.06,Mumbai,Standard,1,551,4812.2
1139,26,72651.0,1,1541.38,Mumbai,Premium,1,292,5640.95
1140,51,67428.0,4,1694.26,Bangalore,Standard,1,789,854.66
1141,29,60583.0,4,1109.31,Delhi,Standard,1,816,7247.55
1142,52,62315.0,4,1277.19,Ahmedabad,Budget,1,191,6586.52
1143,52,90626.0,2,1311.19,Delhi,Standard,1,461,5500.45
1144,18,74135.0,5,1621.33,Delhi,Budget,1,664,2495.1
1145,57,92993.0,3,1613.09,Mumbai,Standard,0,233,1711.25
1146,39,67980.0,3,984.63,Mumbai,Budget,0,474,9053.15
1147,46,37925.0,3,1375.16,Mumbai,Standard,0,658,3000.86
1148,25,56067.0,2,1353.3,Hyderabad,Budget,1,271,5268.37
1149,28,34497.0,3,1153.64,Hyderabad,Standard,1,171,3062.62
1150,58,67925.0,0,1349.51,Ahmedabad,Budget,0,28,422.18
1151,54,71181.0,1,1208.08,Mumbai,Premium,0,136,5896.01
1152,31,46711.0,1,1263.16,Bangalore,Budget,1,925,6207.72
1153,47,50165.0,3,657.6,Mumbai,Standard,0,405,1662.41
1154,52,62231.0,5,832.82,Hyderabad,Budget,0,977,7216.57
1155,38,42028.0,1,1527.1,Mumbai,Standard,1,888,3946.8
1156,54,40903.0,7,715.76,Hyderabad,Budget,0,856,2834.82
1157,22,78579.0,3,1388.04,Mumbai,Standard,0,444,2703.64
1158,36,61721.0,2,1167.43,Bangalore,Budget,1,434,6742.45
1159,31,51628.0,6,1612.26,Ahmedabad,Standard,1,509,1152.52
1160,43,34618.0,5,1459.52,Bangalore,Budget,1,34,2515.66
1161,21,72785.0,4,1018.69,Hyderabad,Budget,0,1026,5863.2
1162,42,49732.0,3,1110.7,Delhi,Standard,1,362,5597.36
1163,62,87910.0,1,405.78,Bangalore,Budget,1,606,2956.04
1164,59,72890.0,4,1147.84,Mumbai,Budget,0,716,7572.68
1165,42,47878.0,1,691.94,Ahmedabad,Premium,0,250,2773.87
1166,35,49268.0,1,1112.52,Mumbai,Premium,0,147,4582.91
1167,57,85828.0,5,944.83,Mumbai,Standard,1,348,4318.14
1168,25,58736.0,2,849.35,Bangalore,Budget,1,399,4325.87
1169,56,52300.0,4,1675.09,Ahmedabad,Budget,1,125,4609.34
1170,57,60416.0,6,689.52,Delhi,Standard,1,763,4549.6
1171,31,52231.0,3,814.77,Mumbai,Budget,1,398,4524.97
1172,49,63616.0,1,920.72,Ahmedabad,Premium,1,131,4636.15
1173,68,58863.0,3,1007.55,Delhi,Budget,1,605,7170.71
1174,55,73133.0,2,849.29,Mumbai,Premium,0,892,4535.17
1175,50,54171.0,4,1056.34,Ahmedabad,Standard,1,822,6383.89
1176,40,46728.0,2,1320.86,Bangalore,Standard,1,902,5297.45
1177,32,54765.0,5,1467.94,Mumbai,Budget,1,945,5732.46
1178,50,54674.0,3,1448.52,Mumbai,Premium,1,732,6555.82
1179,42,58837.0,4,436.72,Ahmedabad,Budget,1,334,2719.46
1180,34,69518.0,3,1352.08,Mumbai,Standard,1,1044,6254.8
1181,50,68699.0,3,1376.76,Delhi,Premium,0,205,4575.69
1182,64,77995.0,0,935.04,Mumbai,Budget,1,956,3077.99
1183,19,47828.0,3,1867.07,Hyderabad,Standard,1,355,6551.56
1184,31,65831.0,0,1635.07,Delhi,Standard,1,824,4149.21
1185,57,70910.0,3,1126.79,Ahmedabad,Budget,0,1026,5754.99
1186,57,49887.0,5,961.61,Delhi,Standard,0,941,-424.9
1187,68,56886.0,2,1860.58,Hyderabad,Budget,1,168,6452.17
1188,56,33750.0,0,1192.39,Hyderabad,Budget,1,368,10180.18
1189,68,73603.0,5,1234.01,Mumbai,Standard,1,536,4984.67
1190,23,56768.0,3,1228.98,Mumbai,Standard,1,963,4472.89
1191,23,72098.0,2,2121.24,Bangalore,Budget,1,580,4077.42
1192,20,63091.0,3,1113.39,Delhi,Premium,1,950,6111.19
1193,24,57223.0,2,1190.54,Bangalore,Premium,0,207,4391.79
1194,68,36108.0,3,867.57,Hyderabad,Standard,0,1073,6295.12
1195,25,38776.0,4,1044.2,Mumbai,Standard,1,544,8444.9
1196,59,21103.0,1,787.44,Mumbai,Budget,1,129,6682.08
1197,69,51561.0,3,875.71,Mumbai,Standard,1,614,4650.67
1198,32,94174.0,2,476.02,Ahmedabad,Standard,1,35,2769.05
1199,64,40681.0,2,1552.61,Hyderabad,Budget,0,819,4183.56
1200,46,20529.0,0,1262.7,Mumbai,Standard,1,199,4678.63
